Subject Code (TH),Subject Code (INTER),Course Name,Course Name (TH)
90642211,96642211,เขียนโค้ดด้วยไพทอน,"พื้นฐานการเขียนโปรแกรมด้วย Python, การจัดการข้อมูลและตัวแปร, การใช้อาร์เรย์และฟังก์ชัน, การสร้างอัลกอริทึม วิเคราะห์ และแก้ไขโค้ด, การใช้ไลบรารี Python เพื่อเพิ่มฟังก์ชันการทำงาน, การพัฒนาทักษะ การสื่อสารและทำงานเป็นทีมในงานเขียนโปรแกรม"
90644888,96644888,พรีเซ้นต์อย่างไร ให้โดนใจผู้ฟัง,เรียนรู้และฝึกทักษะการพูดเพื่อการนำเสนอ พูดอย่างไรให้โดนใจผู้ฟัง เลือกใช้ภาษา ถ้อยคำ รวมทั้งเรียนรู้เทคนิคการใช้เสียง ท่าทาง บุคลิกภาพที่เหมาะสมกับการนำเสนอในบริบทต่าง ๆ  และผลิตสื่อเพื่อเป็นตัวช่วยในการนำเสนอได้อย่างมืออาชีพ
90643888,96643888,การเงินและการลงทุนในยุคดิจิทัล,ความรู้และทักษะในด้านการเงินและการลงทุนในยุคดิจิทัล บทบาทสำคัญ การวางแผนการเงิน การบริหารความเสี่ยง การวิเคราะห์ปัจจัยพื้นฐานและปัจจัยทางเทคนิค การบริหารพอร์ตการลงทุน การใช้ข้อมูลดิจิทัลเพื่อเพิ่มประสิทธิภาพและผลตอบแทนในการลงทุน
90642888,96642888,อินเลิฟ อินไลฟ์,การอยู่ร่วมกันในรูปแบบคู่รัก เพื่อนรัก หรือเพื่อนร่วมห้อง การทำอาหารตามโภชนาการ การทำอาหารด้วยอุปกรณ์ง่ายๆ เช่น ไมโครเวฟ หม้อหุงข้าว และกระทะไฟฟ้า เหมาะสำหรับการใช้ชีวิตในหอพัก
90642216,96642216,ออกแบบประสบการณ์และส่วนต่อประสานผู้ใช้เชิงสร้างสรรค์,ใช้เทคนิคกระบวนการคิดเชิงออกแบบ เพื่อออกแบบประสบการณ์ผู้ใช้งานและออกแบบส่วนต่อประสานผู้ใช้งาน เรียนรู้พฤติกรรมและวิเคราะห์การใช้งานของผู้ใช้ สร้างแบบจำลองและแผนที่เส้นทางของผู้ใช้ เรียนรู้การใช้สีและตัวอักษร ออกแบบแบบร่างและต้นแบบ รู้วิธีทดสอบต้นแบบ ประยุกต์ใช้คำสั่งและการทำงานโปรแกรมสำหรับการออกแบบส่วนต่อประสานผู้ใช้งานที่ยอดนิยม เช่น Figma เพื่อสร้างสรรค์เว็บไซต์และแอพพลิเคชั่นต่างๆ ได้
90642215,96642215,ล้างหนี้,แนวคิดและหลักการวางแผนแก้หนี้ ประเภทและลักษณะของหนี้สิน การวิเคราะห์สถานะการเงินส่วนบุคคล การวางแผนจัดการหนี้ระยะสั้นและระยะยาว การปรับโครงสร้างหนี้ การวางแผนการชำระหนี้ เครื่องมือทางการเงินสำหรับการบริหารหนี้ การป้องกันการเกิดหนี้ซ้ำ กฎหมายที่เกี่ยวข้องกับหนี้สินและการล้มละลาย การสร้างแผนการเงินที่ยั่งยืน
90642214,96642214,การออกแบบอาหารและโภชนาการเบื้องต้น,โภชนาการอาหารเบื้องต้น อาหารและโภชนาการสำหรับช่วงวัยและเมทาบอลิกเบื้องต้นที่เกี่ยวข้องกับอาหาร แนวโน้มของอาหารและความคาดหวังของผู้บริโภคที่เกี่ยวกับสุขภาพ ความยั่งยืนและความคุมค่า อาหารสุขภาพเพื่อกายและจิต การสร้างแผนการรับประทานอาหารเพื่อสุขภาพ
90642213,96642213,เทคโนโลยีเครื่องดื่มไม่มีแอลกอฮอล์,แนวโน้มการตลาดในประเทศและต่างประเทศ ชนิด ส่วนประกอบ น้ำ วัตถุเจือปนอาหาร การผลิตและการควบคุมคุณภาพของเครื่องดื่มไม่มีแอลกอฮอล์ โภชนาการและบรรจุภัณฑ์ กฎหมายที่เกี่ยวข้อง และการสร้างสรรค์เมนูเครื่องดื่มไม่มีแอลกอฮอล์
90642212,96642212,วิทยาศาสตร์เบื้องหลังอาหาร,ความรู้เกี่ยวกับองค์ประกอบอาหารเบื้องต้น ได้แก่ น้ำ คาร์โบไฮเดรต โปรตีน ไขมัน วิตามินและแร่ธาตุ วิทยาศาสตร์ที่เกี่ยวข้องกับการเปลี่ยนแปลงขององค์ประกอบในอาหาร จุลินทรีย์ที่เกี่ยวข้องกับอาหาร รวมถึงกระบวนการแปรรูปอาหารเพื่อให้ได้ผลิตภัณฑ์ที่มีคุณภาพและปลอดภัยมากยิ่งขึ้น ออกแบบการพัฒนาผลิตภัณฑ์ ดำเนินการ ทดสอบ ประเมินและนำเสนอผลิตภัณฑ์ที่สมบูรณ์ได้
90643048,96643048,การคำนวณเชิงธุรกิจและการแสดงข้อมูลเชิงธุรกิจด้วยแผนภาพ,"เข้าใจข้อมูลเชิงธุรกิจ,การประมวลผลข้อมูลเชิงธุรกิจโดยใช้สเปรดชีตแอปพลิเคชัน, เขียนโปรแกรม เพื่อประมวลผลข้อมูลเชิงธุรกิจ, การแสดงข้อมูลเชิงธุรกิจด้วยแผนภาพ, การใช้ข้อมูลเพื่อสนับสนุน การตัดสินใจเชิงธุรกิจ"
90643047,96643047,กองทุนรวมสำหรับมือใหม่,ความหมายของกองทุนรวม ข้อควรรู้ของกองทุนรวม การเริ่มลงทุนในกองทุนรวมสำหรับมือใหม่ มูลค่าทรัพย์สินสุทธิ รู้จักประเภทกองทุนรวม กองทุนรวมที่ให้สิทธิประโยชน์ด้านภาษี การเลือกกองทุนที่ใช่บวกสไตล์คุณ การคัดกองทุนด้วยเครื่องมือฮิต หนังสือชี้ชวน การเปิดบัญชีซื้อขายกองทุนรวม การทยอยลงทุนด้วยจำนวนเงินเท่าๆ กันเป็นประจำอย่างสม่ำเสมอ การจัดและปรับพอร์ตกองทุนรวม
90643046,96643046,การสร้างจิตสำนึกของความยั่งยืน,ความรู้เบื้องต้นเกี่ยวกับสิ่งมีชีวิตและสิ่งแวดล้อม ปัญหาด้านสิ่งแวดล้อมและมลพิษสิ่งแวดล้อม หลักการพื้นฐานและเป้าหมายของการพัฒนาที่ยั่งยืน การวิเคราะห์ปัญหาเพื่อหาแนวทางแก้ปัญหาโดยใช้หลักการ SDGs เพื่อสู่การสร้างจิตสำนึก และกรณีตัวอย่าง
90642210,96642210,น้องแมวที่รัก,ศึกษาเรื่องราวเกี่ยวกับพื้นฐานการเตรียมตัวก่อนเลี้ยงน้องแมว พันธุกรรมของแมวและสายพันธุ์ การดูแลทั่วไปของน้องแมวในช่วงวัยเด็ก วัยรุ่นและวัยชรา ที่อยู่อาศัยและสิ่งแวดล้อมที่ดีสำหรับแมว อาหารและอาหารต้องห้าม การจัดแต่งทรงขน โรคทั่วไปที่ควรรู้ โรคติดเชื้อร้ายแรง โปรแกรมวัคซีนและบริการทั่วไปทางสัตวแพทย์สำหรับน้องแมว และ ธุรกิจที่เกี่ยวกับแมว
90642209,96642209,น้องหมาที่รัก,ศึกษาเรื่องราวเกี่ยวกับพื้นฐานการเตรียมตัวก่อนเลี้ยงสุนัข พันธุกรรมของสุนัขและสายพันธุ์ การดูแลทั่วไปของสุนัขในช่วงวัยเด็ก วัยรุ่นและวัยชรา ที่อยู่อาศัยและสิ่งแวดล้อมที่ดีสำหรับสุนัข อาหารและอาหารต้องห้าม การจัดแต่งทรงขน โรคทั่วไปที่ควรรู้ โรคติดเชื้อร้ายแรง โปรแกรมวัคซีนและบริการทั่วไปทางสัตวแพทย์สำหรับสุนัข และ ธุรกิจที่เกี่ยวกับสุนัข
90642208,96642208,ปั้นเดฟให้เป็นดาว,โครงสร้างการทำงานในบริษัทผู้พัฒนาโปรแกรม จากหน้าที่ผู้พัฒนาโปรแกรมไปจนถึงการบริหารบริษัท การเขียนโค้ด คำสั่งพื้นฐาน ชนิดของตัวแปร อัลกอริทึม การจัดโครงสร้างโปรแกรม การจัดเก็บ จัดระเบียบ และเผยแพร่โปรแกรม การสื่อสารและอธิบายโปรแกรม หน้าที่ต่างๆ ในบริษัทผู้พัฒนาโปรแกรม การวิเคราะห์ต้นทุนการจัดสร้างโปรแกรม การประเมินโครงการ
90642207,96642207,เรียนรู้อยู่กับเพื่อนคู่ใจ,ทำความเข้าใจความต้องการของกลุ่มคนที่อยู่ร่วมกัน การเดินทางท่องเที่ยวกับคู่รัก การรักษาสุขภาพ การใส่ใจคนรอบข้าง การลงทุนเพื่อครอบครัว การคิดสร้างสรรค์ เทคนิคการถ่ายภาพคนรักให้ดูดี การแต่งภาพเพิ่มความสุข การทำอาหารด้วยกัน การฝึกเป็นแม่ศรีเรือน การวางแผนการมีชีวิตคู่ การวางแผนแต่งงาน กฎหมายเกี่ยวกับการสมรส
90642206,96642206,พลังรัก,แนวคิด ทฤษฎี การอธิบายความหมายของความรัก มิติของความรัก การเข้าใจความรัก การเข้าใจปัญหาที่เกิดขึ้นจากความรัก การเข้าใจคุณค่าในชีวิตของตัวเอง ความหมายของครอบครัว ความหมายของเพื่อน การสร้างแรงขับดันเชิงสร้างสรรค์ การจัดการกับความสัมพันธ์ในแบบต่าง ๆ การแก้ปัญหาความขัดแย้ง การเข้าใจการเปลี่ยนแปลงต่าง ๆ ในชีวิต
90642205,96642205,ภัยไซเบอร์และการรักษาความปลอดภัย,วิวัฒนาการและวิทยาการของภัยอันตรายทางไซเบอร์ กลวิธีการรับมือก่อน ระหว่าง และหลังเหตุ องค์ประกอบสำคัญในการรักษาความปลอดภัยทางไซเบอร์ กลไก มาตรการ และมาตรฐาน ในระดับปัจเจกบุคคลและระดับองค์กร การรู้เท่าทันอาชญากรรมไซเบอร์ และการจัดการปัญหาอาชญากรรมไซเบอร์ตามมาตรฐานสากล
90642204,96642204,ความสัมพันธ์ที่ดี,ฝึกทักษะบริหารความสัมพันธ์ ทำความเข้าใจและรับรู้คุณค่าภายในเพื่อสานสัมพันธ์ที่ดี การเริ่มต้นความสัมพันธ์และการดูแลความสัมพันธ์ระยะยาว การสื่อสารอย่างสันติเพื่อรักษาความสัมพันธ์ การทำความเข้าใจมนุษย์ในทุกช่วงวัย การอยู่ร่วมกันแบบกลุ่ม การทำความเข้าใจอิทธิพลของกลุ่มสังคมที่มีต่อตัวตน และการรับมือกับความเจ็บปวดเมื่อสูญเสียความสัมพันธ์
90642203,96642203,ยิ้มนี้เพื่อเธอ,"เรียนรู้อวัยวะที่เกี่ยวข้องกับการแสดงพฤติกรรมที่เรียกว่าการ “ยิ้ม”, “ยิ้มอย่างไรให้ยิ่งยิ้มแล้วยิ่งหอม” อุปกรณ์รวมถึงอาหารที่ช่วยให้ลมหายใจหอมสดชื่น และมุ่งเน้นทางด้านสุขภาพช่องปากซึ่งมีหลายแง่มุม รวมถึงหมวดวิชาศึกษาทั่วไป สถาบันเทคโนโลยีพระจอมเกล้าเจ้าคุณทหารลาดกระบัง ความสามารถในการพูด ยิ้ม กลิ่น การลิ้มรส การสัมผัส การเคี้ยวอาหาร พฤติกรรมต่าง ๆ ที่ส่งผลต่อความสวยงามของโครงสร้างกระดูกใบหน้าและขากรรไกรรวมถึงการจัดการดูแลที่เหมาะสมระหว่างและหลังการจัดฟัน การฟอกสีฟัน การตรวจและดูแลสุขภาพช่องปากเบื้องต้นอย่างง่ายได้ด้วยตนเองรวมทั้งการเลือกใช้ผลิตภัณฑ์ช่องปากที่เหมาะสมและปลอดภัย ซึ่งไม่เพียงแต่เป็นสิ่งที่จะช่วยให้ผู้เรียนพัฒนาทางด้านความสามารถการดูแลตนเองแต่ยังส่งเสริมการพัฒนาบุคลิกภาพซึ่งท้ายที่สุดจะนำไปสู่ความมั่นใจในตนเองและการพัฒนาองค์รวมที่ดีขึ้น"
90641007,96641007,พลเมืองดิจิทัล,พัฒนาความรู้และทักษะการเป็นพลเมืองดิจิทัล ใช้ชีวิตร่วมกับผู้อื่นในโลกออนไลน์อย่างมีความรับผิดชอบและปลอดภัย ใช้เทคโนโลยีอย่างสร้างสรรค์และมีจริยธรรม สร้างสรรค์และเผยแพร่สื่อออนไลน์อย่างมีสติสัมปชัญญะ รู้เท่าทันการลงทุนสมัยใหม่ และใช้ชีวิตในยุคดิจิทัลได้อย่างชาญฉลาด
90641003,96641003,กีฬาและนันทนาการ,ศึกษากฎ กติกา วัฒนธรรม สังคมทางกีฬา ความมีน้ำใจนักกีฬา หลักการออกกำลังกายที่ถูกต้อง การฝึก ทักษะกีฬา และกิจกรรมนันทนาการ
90641008,96641008,พื้นฐานทักษะการสื่อสารภาษาอังกฤษ,"การพัฒนาทักษะการสื่อสารภาษาอังกฤษโดยใช้กิจกรรมการอ่าน การเขียน การพูด และ การฟัง ที่มุ่งเน้นการฝึกฝนไวยากรณ์เพื่อการสื่อสารที่จำเป็นทั้งหมด การพัฒนาคำศัพท์ การสร้างประโยค และ การแสดงความคิดเห็นแบบสั้นๆ ผ่านโครงสร้างทางภาษาแบบต่างๆ เพื่อการสื่อสารอย่างมีประสิทธิภาพในหลากหลายบริบท เช่น การสนทนาในชีวิตประจำวัน การรีวิวสินค้าและบริการ, การเขียนข้อความออนไลน์ และ การนำเสนอด้วยวิดิโอสั้นๆ"
90641009,96641009,ทักษะการสื่อสารภาษาอังกฤษระหว่างวัฒนธรรม 1,การพัฒนาความสามารถในการสื่อสารระหว่างวัฒนธรรมผ่านการฝึกฝนทักษะการสื่อสารภาษาอังกฤษ ที่มุ่งเน้นฝึกฝนทักษะการฟัง การอ่านจับใจความอย่างง่าย การสรุปความ การแสดงความคิดเห็น ทักษะการนำเสนอข้อมูลในที่ประชุม และ การเขียนบทความสั้นๆ
90641010,96641010,ทักษะการสื่อสารภาษาอังกฤษระหว่างวัฒนธรรม 2,"การพัฒนาความสามารถในการสื่อสารระหว่างวัฒนธรรมผ่านการฝึกฝนทักษะการสื่อสารภาษาอังกฤษ ที่มุ่งเน้นฝึกฝนทักษะการฟัง, การอ่านจับใจความเชิงวิเคราะห์ การอภิปรายแบบกลุ่ม, การกล่าวสุนทรพจน์ เทคนิคการเขียน รูปแบบต่างๆ เช่น การเขียน เชิงอธิบาย การเขียนเชิงบรรยาย การเขียนเชิงพรรณา และ การเขียนเชิงโน้มน้าวใจ"
90642001,96642001,ปฏิบัติงานตามทักษะด้านบุคคลและสนับสนุนวิชาชีพ 1,เป็นการปฏิบัติงาน หรือการฝึกงาน หรือการฝึกอบรม หรือกิจกรรมอื่นๆ ที่สื่อให้เห็นถึงการดำเนินการที่เกี่ยวกับการพัฒนาทักษะด้านบุคคลและส่งเสริมวิชาชีพ โดยมีเวลาดำเนินการไม่น้อยกว่า 15 ชั่วโมง
90642002,96642002,ปฏิบัติงานตามทักษะด้านบุคคลและสนับสนุนวิชาชีพ 2,เป็นการปฏิบัติงาน หรือการฝึกงาน หรือการฝึกอบรม หรือกิจกรรมอื่นๆ ที่สื่อให้เห็นถึงการดำเนินการที่เกี่ยวกับการพัฒนาทักษะด้านบุคคลและส่งเสริมวิชาชีพ โดยมีเวลาดำเนินการไม่น้อยกว่า  30 ชั่วโมง
90642003,96642003,ปฏิบัติงานตามทักษะด้านบุคคลและสนับสนุนวิชาชีพ 3,เป็นการปฏิบัติงาน หรือการฝึกงาน หรือการฝึกอบรม หรือกิจกรรมอื่นๆ ที่สื่อให้เห็นถึงการดำเนินการที่เกี่ยวกับการพัฒนาทักษะด้านบุคคลและส่งเสริมวิชาชีพ โดยมีเวลาดำเนินการไม่น้อยกว่า 45 ชั่วโมง
90642011,96642011,การคิดอย่างมีวิจารณญาณ,ศึกษาประเด็นในการสร้างกรอบความคิด การกระตุ้นความคิดเชิงวิพากษ์ ปัญหาและอุปสรรคที่ขัดขวางความคิด เทคนิคการเอาชนะหลุมพรางทางความคิดเชิงลบ แนวทางการปฏิบัติในการใช้ทักษะการคิดเชิงวิพากษ์ เทคนิคและเครื่องมือกระตุ้นการพัฒนาทักษะการคิดเชิงวิพากษ์ การประยุกต์ใช้การคิดเชิงวิพากษ์กับสถานการณ์ต่างๆ
90642012,96642012,กระบวนการคิดเชิงออกแบบ,ฝึกทักษะการคิดเชิงออกแบบ โดยการวิเคราะห์ปัญหา เรียนรู้พฤติกรรมกลุ่มเป้าหมาย การระบุปัญหา การสร้างแผนผังความคิด การสัมภาษณ์ การสนทนากลุ่ม ฝึกฝนทักษะการสร้างสรรค์ความคิด การสร้างต้นแบบ การนำเสนอต้นแบบ การทดสอบแนวคิดและต้นแบบ เรียนรู้วิธีการนำกระบวนการคิดเชิงออกแบบไปประยุกต์ใช้งานในชีวิตประจำวันและการสร้างสรรค์นวัตกรรม
90642013,96642013,บูรณาการแห่งการคิด,ศึกษาหลักการและประเภทของการคิด การคิดเชิงบวก การคิดนอกกรอบ การคิดเชิงวิพากษ์ การคิดวิเคราะห์ เรียนกระบวนการตั้งคำถาม การวิเคราะห์ การสังเคราะห์ การประเมินค่า และแสดงความคิดเห็นอย่างมีเหตุผล การพัฒนาการคิด การสร้างผลงานอันเนื่องมาจากการคิด
90642014,96642014,การคิดเชิงระบบและเชิงนวัตกรรม,ความคิดสร้างสรรค์ และนวัตกรรม เรียนรู้คุณลักษณะของการสร้างสรรค์สิ่งใหม่ ๆ วิธีการสร้างนวัตกรรมและแรงจูงใจ ศึกษาตัวอย่างของนวัตกรรมทางวิทยาศาสตร์สุขภาพ ศึกษาแนวความคิดของกรอบการคิดเชิงระบบ หลักการคิดเชิงระบบ รูปแบบของการคิดเชิงระบบ ขั้นตอนสำคัญของแนวทางการคิดเชิงระบบ เรียนรู้การออกแบบการคิดเชิงระบบ และศึกษาตัวอย่างของการคิดเชิงระบบ
90642015,96642015,การคิดสร้างสรรค์และนวัตกรรม,กระบวนการคิด การคิดสร้างสรรค์ นวัตกรรม การแก้ปัญหา การประยุกต์ใช้การคิดสร้างสรรค์และนวัตกรรมสำหรับการเรียนรู้ การประยุกต์ใช้การคิดสร้างสรรค์ และนวัตกรรมสำหรับการดำรงชีวิต
90642017,96642017,แกะกล่องนวัตกรรม,ศึกษาความสำคัญและความจำเป็นของนวัตกรรม การวิเคราะห์แนวคิด ทฤษฎี และหลักการสำคัญที่เกี่ยวข้องต่อการพัฒนานวัตกรรม ประโยชน์ของนวัตกรรมต่อการพัฒนาทุกระดับ การศึกษาปัจจัยส่งเสริมและปัจจัยอุปสรรคต่อการพัฒนานวัตกรรม การปรับเปลี่ยนมุมมองและทัศนคติด้านจิตนวัตกรรม (Innovative Mind) หลักการวิเคราะห์ สังเคราะห์ บูรณาการ และการสร้างนวัตกรรม การสร้างนวัตกรรมจากการนำความรู้สู่การปฏิบัติที่หลากหลาย
90642018,96642018,เทคโนโลยีการผลิตงานสร้างสรรค์,เทคโนโลยีการผลิตเพื่อพัฒนาความคิดสร้างสรรค์ เสริมความสำคัญหลักที่สามารถช่วยวิเคราะห์การเรียนรู้ด้าน เครื่องมือและระบบทั้งในรูปแบบของวัฒนธรรมเครื่องจักรและนวัตกรรมการผลิต จะนำมาฝึกผ่านการสร้างระบบความคิดและความสุนทรีย์การรับรู้ สู่การผลิตผลงานศิลปะและการออกแบบอย่างสร้างสรรค์
90642019,96642019,การออกแบบสะเต็มอย่างสร้างสรรค์ขั้นพื้นฐาน,ฝึกประสบการณ์ในการออกแบบการเรียนรู้ด้านสะเต็มเบื้องต้น (วิทยาศาตร์ เทคโนโลยี วิศวกรรมศาสตร์ และคณิตศาสตร์) เน้นออกแบบโดยมองตามโลกความเป็นจริงโดยใช้วิธีการเรียนการสอนแบบใช้โครงการเป็นหลัก เน้นการเรียนรู้โดยใช้กระบวนการคิดเชิงออกแบบ การกำหนดปัญหา การวางแผนการทำงาน การสร้างนวัตกรรมต้นแบบ (prototype) และเน้นสื่อสารโดยใช้สื่อการนำเสนอต่างๆ
90642020,96642020,การออกแบบสะเต็มอย่างสร้างสรรค์ ขั้ั้นสูง,ฝึกประสบการณ์ในการออกแบบการเรียนรู้ด้านสะเต็มขั้นสูง (วิทยาศาตร์ เทคโนโลยี วิศวกรรมศาสตร์ และคณิตศาสตร์) เน้นการใช้องค์ความรู้จากวิชาตัวแรก ฝึกการใช้ความคิดสร้างสรรค์และการสื่อสารเพื่อการนำเสนอผลงานอย่างมีประสิทธิภาพ
90642021,96642021,ไอเดียขยะ,ศึกษาแนวโน้มการเพิ่มปริมาณขยะจากสิ่งของเหลือใช้ต่างๆ ในสถานการณ์ อาทิ ของเหลือใช้จากบรรจุภัณฑ์ หรือจากสิ่งของที่เลิกใช้ เป็นต้น สังเกตทำความเข้าใจมุมมองของผู้ผลิตและพฤติกรรมของผู้บริโภคสินค้าเพื่อที่จะพยายามใช้ความคิดสร้างสรรค์ในการช่วยลดปริมาณขยะ แสวงหาวิธีการลดขยะด้วยตนเองโดยใช้ความคิดสร้างสรรค์ เรียนรู้วิธีการและขั้นตอนการออกแบบอย่างเป็นระบบเพื่อชุบชีวิตขยะด้วยความคิดสร้างสรรค์
90642022,96642022,ปรัชญาวิทยาศาสตร์,ศึกษาองค์ประกอบต่างๆ ที่เรียกว่า วิทยาศาสตร์ รวมทั้งคุณลักษณะและวิธีการเชิงวิทยาศาสตร์ซึ่งประกอบไปด้วย ความหมาย ความเป็นจริง คุณลักษณะของการสังเกตแบบนักวิทยาศาสตร์ ทฤษฎีและการค้นพบรวมทั้งการก่อตัว การอธิบายความหมาย และการคาดการณ์ทางวิทยาศาสตร์ ปัญหาของการสรุปแบบอุปนัย กระบวนการของการเกิดเหตุและผล ธรรมชาติของความรู้ทางวิทยาศาสตร์ ความเป็นจริง การทดสอบสมมุติฐาน การยืนยันสมมุติฐาน การยืนยันสมมุติฐานที่เป็นเท็จ ตรรกะทางวิทยาศาสตร์ และความก้าวหน้าทางวิทยาศาสตร์
90642024,96642024,การวิเคราะห์ข้อมูลทางวิชาชีพและการนำเสนอทางวิชาการ,ศึกษาการสืบค้นข้อมูลในระบบสารสนเทศ การเลือกใช้โปรแกรมการวิเคราะห์ข้อมูลทางสถิติ การอ้างอิงเชิงวิทยาศาสตร์ การตรวจสอบการคัดลอกผลงานทางวิชาการ การแปลผลและการวิเคราะห์ข้อมูลทางวิทยาศาสตร์ เทคนิคการศึกษาและนำเสนอผลงานทางวิชาการทางวิทยาศาสตร์ในระดับนานาชาติ
90642025,96642025,วิเคราะห์ความจริงจากตัวเลข,การศึกษาเกี่ยวกับข้อมูลหรือสารสนเทศในด้านต่าง ๆ โดยมองในแง่มุมของตัวเลขที่เห็นในชีวิตประจำวัน ทั้งที่เป็นข้อเท็จจริงเกี่ยวกับเรื่องนั้น ๆ ด้วยวิธีการเก็บรวบรวมข้อมูล การนำเสนอข้อมูล การวิเคราะห์ข้อมูล และการตีความหมายข้อมูล
90642026,96642026,การพัฒนาทักษะเชิงวิจัย,"พัฒนาลักษณะนิสัยที่ดีสําหรับการทํางานวิจัย ทักษะการตั้งคําถาม วิเคราะห์และแก้ปัญหา การวางแผนงานวิจัย การค้นคว้าทบทวนงานตีพิมพ์, ฐานข้อมูลการอ้างอิงงานวิจัยทางวิทยาศาสตร์การใช้คําสําคัญ ซอฟท์แวร์การอ้างอิงงานตีพิมพ์การเขียนเชิงวิชาการ ทักษะการจดบันทึก การสรุปสาระสําคัญ การออกแบบการทดลอง การใช้เหตุผลและการวิจารณ์ผล ทักษะการสรุปความ การนําเสนออย่างมืออาชีพ ความคิดสร้างสรรค์และนวัตกรรม สิทธิบัตรและการค้นคว้าหาสิทธิบัตร จรรยาบรรณนักวิจัย"
90642028,96642028,รู้เท่าทันการพนัน,เรียนรู้ รูปแบบการพนัน วิเคราะห์หลักวิธีคิด ความน่าจะเป็นในการเล่นพนันและโอกาสในการชนะและแพ้พนัน ศึกษาสาเหตุของความชื่นชอบในการเล่น ศึกษาประสบการณ์ของผู้ติดพนันที่ส่งผลลบต่อการใช้ชีวิต และสร้างนวัตกรรมการป้องกันไม่ให้เกิดการติดพนัน และการรู้เท่าทัน
90642029,96642029,จริยธรรมและกฎหมายว่าด้วยความเป็นมืออาชีพทางการแพทย์,ศึกษาและพัฒนาของวิชาชีพแพทย์ศาสตร์ จะต้องมีคุณลักษณะจรรยาบรรณวิชาชีพของการเป็นผู้รักษา  รู้จักการควบคุมตนเอง และ รับผิดชอบต่อสังคม ซึ่งหลักการของจริยธรรมวิชาชีพแพทย์มีหลักสำคัญ ที่มีแนวคิดของเคารพการตัดสินใจของผู้ป่วย ประโยชน์สูงสุดของผู้ป่วย ไม่ก่อให้เกิดอันตรายต่อผู้ป่วย และ ความเป็นธรรม ซึ่งแนวคิดของ ทฤษฎีกรณียธรรม (Deontology) อันตวิทยา (Teleology) และ คุณธรรม (Virtue) เป็นแนวทางหนึ่งของจริยศาสตร์และศาสนา โดยมีกฎหมายแพ่งและอาญาเป็นพื้นฐานที่เกี่ยวข้องกับกฎหมายวิชาชีพและกฎหมายทางการแพทย์ หากเกิดความผิดพลาดทางการแพทย์ ยารักษาโรค และประเด็นทางจริยธรรมที่ยากต่อการตัดสินใจ
90642030,96642030,จรรยาบรรณและกฎหมายวิศวกรรม,บทบาทและหน้าที่วิศวกรไทย จรรยาบรรณวิศวกร สภาวิศวกร พระราชบัญญัติวิศวกร วิชาชีพวิศวกรรมและวิชาชีพวิศวกรรมควบคุม ข้อบังคับในการประกอบวิชาชีพ กฎหมายอื่นๆ ที่เกี่ยวข้องกับการประกอบวิชาชีพ
90642031,96642031,จริยธรรมและกฎหมายแห่งวิชาชีพ,ศึกษาเกี่ยวกับทฤษฎีและแนวปฏิบัติของวิชาชีพและจริยธรรมโดยรวม และกฎหมายสำหรับการทำงาน รวมถึงจรรยาบรรณและข้อบังคับในด้านวิชาการวิชาชีพและเทคนิค ผู้เรียนจะได้เรียนรู้เกี่ยวกับแนวทางต่างๆในการแก้ไขปัญหาจริยธรรม และศึกษาจากกรณีศึกษาในชีวิตจริง ซึ่งมาจากบริบททางวิชาชีพที่หลากหลาย หลักสูตรนี้ช่วยให้ผู้เรียนพัฒนาทักษะและความรู้ในการจัดการและมีส่วนร่วมกับประเด็นทางจริยธรรมในชีวิตการทำงาน
90642032,96642032,กฎหมายสำหรับผู้ประกอบการ,ศึกษาหลักการจัดตั้งองค์กรธุรกิจ บทบาทขององค์การธุรกิจต่อการดำเนินธุรกิจสมัยใหม่ ศึกษาแนวทางการจัดการด้านภาษีเพื่อประโยชน์ของธุรกิจ หลักการในการจัดทำสัญญาประเภทต่าง ๆ สัญญาซื้อขาย สัญญาเช่า สัญญาจ้างแรงงาน สิทธิประโยชน์ตามกฎหมายที่ภาครัฐมีขึ้นเพื่อสนับสนุนและส่งเสริมการประกอบธุรกิจของ SMES ตามกฎหมายส่งเสริมวิสาหกิจขนาดกลางและขนาดย่อม หลักการทางกฎหมายที่เกี่ยวกับการซื้อขายสินค้าทางออนไลน์ และข้อควรระวังสำหรับผู้ประกอบธุรกิจดิจิทัลในการปฏิบัติตามกฎหมายเพื่อคุ้มครองผู้ซื้อ การคุ้มครองข้อมูลส่วนบุคคล
90642033,96642033,กฎหมายสำหรับคนรุ่นใหม่,ศึกษากฎหมายและวิเคราะห์ข้อเท็จจริงที่เกิดขึ้นในสังคม บทบาทหน้าที่และสิทธิเสรีภาพในการแสดงความคิดเห็นในที่สาธารณะ การดูหมิ่นหรือหมิ่นประมาทผู้อื่น การใช้สื่อสังคมออนไลน์ภายใต้กรอบของกฎหมาย ความรับผิดที่เกี่ยวกับการกระทำผ่านระบบคอมพิวเตอร์ แนวคิดและหลักการของกฎหมายคุ้มครองผู้บริโภคที่มีต่อผู้ประกอบธุรกิจ ปัญหาความรับผิดจากการใช้งานลิขสิทธิ์หรือละเมิดทรัพย์สินทางปัญญาของผู้อื่น และสิทธิในการปกป้องงานลิขสิทธิ์ของตนเองตามกฎหมายลิขสิทธิ์
90642034,96642034,กฎหมายและระเบียบในอุตสาหกรรมการบิน,กฎหมายการเดินอากาศจากองค์การการบินพลเรือนระหว่างประเทศ กฎหมายการบินจากองค์กรในประเทศในทวีปยุโรปและองค์กรระหว่างประเทศอื่น ๆ กฎระเบียบการบินในประเทศไทย กรอบการดำเนินงานและกฎระเบียบขององค์กรระหว่างประเทศ ผลกระทบของกฎหมายการเดินอากาศต่ออุตสาหกรรมการบิน ประเด็นทางกฎระเบียบต่าง ในอุตสาหกรรมการบิน
90642035,96642035,ประสบการณ์ในอุตสาหกรรมสำหรับวิศวกร,การเปิดตัวสู่การปฏิบัติในวิชาชีพ หรือประสบการณ์ในอุตสาหกรรมทำให้เกิดโอกาสที่จะได้รับการอบรมแบบลงมือจริงและมีประสบการณ์จริงในสถานการณ์ปัจจุบันในอุตสาหกรรม นอกจากนั้นแล้ว ผ่านการปฏิบัติจริงในอุตสาหกรรม ความสามารถของนักศึกษาจะสะท้อนออกมาและสอดรับระหว่างกันอย่างเหมาะสมระหว่างหลักสูตรต่อเนื่องสู่การปฏิบัติที่ดี รายวิชาปฏิบัตินี้เป็นวิชาที่ต่อยอดจากการฝึกงานและสหกิจศึกษา ผู้เรียนจะได้รับการพัฒนาทักษะทั้งที่เกี่ยวข้องกับทางด้านวิศวกรรมศาสตร์และการทำงานในที่ทำงาน รวมทั้งประสบการณ์การปฏิบัติจริงที่จำเป็นสำหรับการประกอบอาชีพในอนาคต
90642036,96642036,เตรียมความพร้อมสำหรับวิศวกร,การเข้าร่วมกิจกรรมทางคณะวิศวกรรมศาสตร์จัดเตรียมขึ้น เพื่อเป็นการแนะแนว และเตรียม ความพร้อมนักศึกษาในการศึกษาและประกอบอาชีพวิศวกรที่ประสบความสำเร็จ ปฏิบัติการพื้นฐานและโครงงานเบื้องต้นทางวิทยาศาสตร์และเทคโนโลยี
90642037,96642037,ประเด็นและทักษะวิชาชีพ,ศึกษาและแนะนำประเด็นทางสังคม จริยธรรม กฎหมาย และวิชาชีพที่เกี่ยวข้องกับการใช้เทคโนโลยีสารสนเทศอย่างกว้างขวาง และให้ผู้เรียนได้เรียนรู้การพัฒนาจุดยืนของตนเอง  และมีการถกเถียงกันในประเด็นต่างๆ เหล่านี้
90642038,96642038,ความปลอดภัยในที่ทำงาน,เรียนรู้และตระหนักถึงการควบคุมอันตรายในสถานที่ทำงานซึ่งประกอบไปด้วย สารเคมี การควบคุมมลภาวะทางเสียงและการได้ยิน ความร้อนและการแผ่รังสี การติดเชื้อโรคทางผิวหนัง เรียนรู้กระบวนการควบคุม การจัดการและวิธีการต่างๆเพื่อให้เกิดความปลอดภัยต่อสุขภาพ
90642039,96642039,ซ่อมได้ภายในบ้าน,ศึกษาระบบสาธารณูปโภคพื้นฐานภายในบ้าน เช่น ระบบไฟฟ้า ระบบแสงสว่าง ระบบน้ำ และระบบการสื่อสาร รวมทั้งศึกษาอุปกรณ์ เครื่องมือพื้นฐานที่ใช้ในระบบต่างๆ และเรียนรู้ที่จะป้องกันปัญหาต่างๆ ที่อาจเกิดขึ้น รวมทั้งสามารถซ่อมแซมในปัญหาพื้นฐานได้อย่างปลอดภัย
90642040,96642040,คอกาแฟ,ศึกษาความเป็นมาของกาแฟ เมล็ดกาแฟ วิวัฒนาการและพัฒนาการการดื่มกาแฟ การปลูก การแปรรูป การคั่วกาแฟ ศาสตร์การทำฟองนม ศาสตรและศิลป์ในการชงกาแฟแบบต่างๆ ซึ่งมีหลักการวิทยาศาสตร์เข้ามาเกี่ยวข้อง และศึกษาการเป็นผู้ประกอบการเพื่อนำความรู้ไปต่อยอดทำธุรกิจในอนาคต
90642041,96642041,ครัวเด็กหอ,ศึกษาโภชนาการที่สำคัญของอาหารที่ร่างกายต้องการ วิทยาศาสตร์และศิลปะของการทำอาหารใน รูปแบบต่างๆด้วยอุปกรณ์ที่สามารถหาได้ไม่ยากในชีวิตเด็กหอ ได้แก่ ไมโครเวฟ หม้อหุงข้าว กระทะไฟฟ้าและอื่นๆ ที่สามารถจะประกอบอาหารที่มีคุณค่าทางโภชนาการสูงเหมาะกับร่างกายในเวลาที่จำกัด
90642042,96642042,ศาสตร์และศิลป์ของเนื้อสัตว์,ศึกษาเรื่องของชนิดเนื้อและชิ้นส่วนต่าง ๆ เพื่อนำมาบริโภคที่เหมาะสม แหล่งที่มาของเนื้อที่ดี การคัดเลือกและการเก็บรักษาด้วยหลักการทางวิทยาศาสตร์ ฝึกคิดรูปแบบที่หลากหลายในการทำอาหารที่ใช้เนื้อ การคิดสร้างสรรค์เมนูเนื้อที่ถูกหลักโภชนาการและการบริโภคเนื้ออย่างมีความสุข เรียนรู้เมนูเนื้อจากแหล่งต่างๆ
90642043,96642043,ศาสตร์ของเบอร์เกอร์,องค์ประกอบของเบอร์เกอร์รูปแบบของเบอร์เกอร์ที่หลากหลาย เบอร์เกอร์เพื่อสุขภาพ วัตถุดิบและการเลือกวัตถุดิบที่แตกต่างกันในการทำเบอร์เกอร์ เรียนรู้อุปกรณ์พื้นฐานที่จำเป็นในการทำเบอร์เกอร์ เรียนรู้เทคนิคการทำเบอร์เกอร์ การคิดสร้างสรรค์ออกแบบรูปแบบเบอร์เกอร์
90642044,96642044,โลกของไส้กรอก,ศึกษาความเป็นมาของไส้กรอกรูปแบบที่หลากหลายจากทั่วโลก ฝึกคิดถึงความเป็นไปได้ในการทำเมนูไส้กรอกจากวัตถุดิบที่แตกต่างกัน ศึกษาคุณค่าอาหารในไส้กรอกเพื่อนำมาคิดคำนวณประโยชน์ที่จะได้รับ เรียนรู้เทคนิคการทำไส้กรอกแบบโฮมเมด และคิดสร้างสรรค์รูปแบบการจัดอาหารจากไส้กรอก
90642045,96642045,เรื่องเหล้า,เรียนรู้ประวัติศาสตร์และประเภทของเครื่องดื่ม หลักการพื้นฐานในการผลิตและการเตรียมเครื่องดื่มประเภทต่าง ๆ ประเภทและรูปแบบหลัก ๆ ของสุรากลั่น ปัจจัยที่ส่งผลต่อรสชาติสุรากลั่น วิธีการให้บริการเครื่องดื่ม การจับคู่เครื่องดื่มกับอาหาร และการถ่ายภาพเครื่องดื่ม
90642046,96642046,ไร้ซ์-สาระ,ศึกษาเรื่องราวเกี่ยวกับข้าวโดยเลือกประเด็นตามความสนใจ โดยประเด็นที่เลือกอาจครอบคลุมประวัติศาสตร์ของข้าว ความสำคัญของข้าว พันธุ์ข้าวที่สำคัญของประเทศไทยและของโลก วัฒนธรรมเรื่องข้าวและชาวนา กระบวนการปลูกและดูแลรักษา กระบวนการการเก็บเกี่ยว กระบวนการหลังการเก็บเกี่ยวข้าว การประกอบอาหารจากข้าว คุณประโยชน์และการใช้ประโยชน์จากข้าวและวัสดุเหลือใช้จากข้าว และนำประเด็นที่สนใจมาออกแบบการเรียนรู้เป็นกลุ่มผ่านโครงการเน้นการใช้ความคิดสร้างสรรค์ในกระบวนการเรียนรู้
90642047,96642047,หมอต้นไม้,ศึกษาประเภทของต้นไม้ คุณค่าของต้นไม้กับการอยู่ร่วมกันระหว่างมนุษย์กับต้นไม้ วิธีการดูแล รู้จักอนุรักษ์ต้นไม้ การลงพื้นที่สำรวจต้นไม้ที่อยู่ในความสนใจ การใช้สื่อเพื่อการรณรงค์รักษา และรู้คุณค่าของต้นไม้
90642048,96642048,ยาและสมุนไพรพาเพลิน,ศึกษาความรู้เบื้องต้นของยาและสมุนไพรที่ใช้ในชีวิตประจำวัน แหล่งที่มาของการค้นพบตัวยาประโยชน์และโทษของยาสมุนไพร การเลือกใช้ การเก็บรักษาและเคล็ดลับการใช้ยาสมุนไพรให้ถูกต้องและปลอดภัย การเกิดอันตรกิริยาระหว่างยากับสมุนไพรและ/หรือสารอื่นๆ ตัวอย่างยาและสมุนไพรที่ใช้ในการรักษาโรคเบื้องต้น การพิจารณาเลือกใช้ยาและสมุนไพรจากโฆษณาตามสื่อออนไลน์
90642049,96642049,การใช้ประโยชน์จากจุลินทรีย์ในชีวิตประจำวัน,ความรู้ที่เกี่ยวข้องกับจุลินทรีย์เบื้องต้น การใช้ประโยชน์จากจุลินทรีย์ในการกระบวนการผลิตอาหารหมัก วิธีการผลิตและเชื้อจุลินทรีย์ที่เกี่ยวข้องในอาหารหมัก จุลินทรีย์ที่มีผลต่อคุณภาพและความปลอดภัยของอาหาร สารออกฤทธิ์ทางชีวภาพจากจุลินทรีย์ วิธีการผลิตและการประยุกต์ใช้ เอนไซม์จากจุลินทรีย์ การทำงานของเอนไซม์และการใช้ประโยชน์ จุลินทรีย์ที่เกี่ยวข้องกับการบำบัดน้ำเสียและการชะล้างโลหะด้วยจุลินทรีย์ แนวโน้มการใช้ประโยชน์จากจุลินทรีย์ในอนาคต
90642050,96642050,พืชพรรณที่เป็นยา,ศึกษาความรู้พื้นฐานของพืชสมุนไพร ประวัติการค้นพบของพืชสมุนไพร พื้นฐานสารพฤกษเคมี การใช้พืชสมุนไพรในการดูแลสุขภาพเบื้องต้นและในชีวิตประจำวัน ศึกษาปฏิกิริยาระหว่างยาแผนปัจจุบันกับสมุนไพร และการเลือกผลิตภัณฑ์สมุนไพรอย่างถูกต้องจากโฆษณาออนไลน์ สำหรับการใช้ยาเพื่อการดูแลสุขภาพเบื้องต้นด้วยตนเอง
90642051,96642051,เทคโนโลยีชีวภาพเพื่อความเป็นอยู่ที่ดีขึ้น,ศึกษาสี่หัวข้อดังนี้ เทคโนโลยีชีวภาพทางอาหาร เกษตรกรรม สิ่งแวดล้อม ทางการแพทยศาสตร์ หัวข้อแรกเทคโนโลยีชีวภาพทางอาหารจะประกอบด้วยเทคโนโลยีชีวภาพสำหรับการปรุงอาหารและเทคโนโลยีหลังการเก็บเกี่ยว หลังจากนั้นในส่วนเกษตรกรรมจะประกอบด้วยการเพาะเลี้ยงเนื้อเยื่อ พืชและสิ่งมีชีวิตดัดแปลงพันธุกรรม ในส่วนที่สามคือ สิ่งแวดล้อม ได้แก่ หัวข้อสารกำจัดศัตรูพืชจากธรรมชาติและโลกที่สวยงามด้วยเทคโนโลยีชีวภาพ ส่วนสุดท้ายประกอบด้วยหัวข้อของเซลล์และยีนบำบัด วิศวกรรมพันธุศาสตร์เพื่อการป้องกันโรค เทคโนโลยีในการพัฒนาวัคซีน ไมโครไบโอมของมนุษย์ และอายุรศาสตร์ และ นิติวิทยาศาสตร์
90642052,96642052,จากเส้นสาย DNA สู่พันธุกรรม,ศึกษาหลักการของพันธุศาสตร์ในระดับโมเลกุลและระดับโครโมโซมจากโครงสร้างพื้นฐานของดีเอ็นเอและโครโมโซม การแสดงออกของยีน การถ่ายทอดลักษณะทางพันธุกรรม สาเหตุและผลกระทบของความผิดปกติของดีเอ็นเอและโครโมโซมต่อสุขภาพและโรค เทคนิคในการศึกษาดีเอ็นเอและโครโมโซมไปจนถึงการนำไปใช้ หลักการทางพันธุกรรมในวิทยาศาสตร์สุขภาพ
90642053,96642053,สาระน่ารู้อณูพันธุศาสตร์,ศึกษาความรู้พื้นฐานของพันธุศาสตร์ในมนุษย์ โรคทางพันธุกรรมที่พบบ่อยในประเทศไทย การป้องกันและรักษาโรคทางพันธุกรรม ความรู้พื้นฐานด้านพันธุศาสตร์เพื่อการสืบพันธุ์และการวางแผนการมีบุตร ความรู้พื้นฐานด้านพันธุศาสตร์เพื่อการประยุกต์ใช้ในงานนิติวิทยาศาสตร์และการสืบหาญาติพี่น้อง การประยุกต์ใช้ความรู้พื้นฐานทางพันธุศาสตร์เพื่อการปรับปรุงพันธุ์พืชและสัตว์ การประยุกต์ใช้ความรู้พื้นฐานทางพันธุศาสตร์เพื่อใช้ในอุตสาหกรรม จริยธรรมของการประยุกต์ใช้พันธุศาสตร์เพื่องานทางด้านวิทยาศาสตร์และเทคโนโลยี
90642054,96642054,สิ่งพิทักษ์ร่างกาย,ศึกษาและอภิปรายเกี่ยวกับการสำรวจความรู้เกี่ยวกับกลไกการป้องกันขั้นพื้นฐานในมนุษย์ แนวคิดของการตอบสนองภูมิคุ้มกันของมนุษย์ในการป้องกันโรคติดเชื้อและความผิดปกติ กิจกรรมการเรียนรู้ส่วนใหญ่อาศัยการอภิปรายเชิงวิพากษ์เกี่ยวกับประเด็นร้อนในภาพยนตร์ละครโทรทัศน์และข่าวที่เกี่ยวข้องกับกระบวนการป้องกันและการตอบสนองของระบบภูมิคุ้มกัน
90642055,96642055,จุลินทรีย์ร่วมชีพ,ศึกษาถึงประวัติและการแนะนำจุลินทรีย์ พื้นฐานของจุลชีววิทยาและเทคนิค เรียนรู้แบคทีเรียคืออะไร เชื้อรา ไวรัส ปรสิต ไมโครไบโอมในผิวหนัง ใบหน้าและรักแร้ ศึกษาจุลินทรีย์ในระบบทางเดินอาหาร ไมโครไบโอมในอวัยวะสืบพันธุ์ ไมโครไบโอมเป็นยาที่มีชีวิต (การแพทย์ทางเลือก) ยาปฏิชีวนะและความต้านทานต่อจุลินทรีย์ วัคซีนจากจุลินทรีย์ ปัญหาด้านโรคจุลินทรีย์และเทคโนโลยี
90642056,96642056,โรคระบาดในศตวรรษที่ 21,ศึกษาและค้นคว้าข้อมูลประวัติศาสตร์โรคระบาดในอดีตที่ผ่านมาจนถึงโรคโควิด ทำความเข้าใจโรคใหม่ที่เกิดขึ้นมาโดยเฉพาะโรคโควิด-19 พร้อมทั้งค้นคว้าสถานการณ์การเกิดขึ้นของโรคโควิด ฝึกวิเคราะห์ผลกระทบที่ส่งผลต่อด้านต่างๆ ทั้งวิถีการดำรงชีวิต เศรษฐกิจ การเงินและสังคม ฝึกการคาดการณ์สิ่งที่จะเกิดขึ้นในอนาคตโดยใช้หลักการทางวิทยาศาสตร์และเทคโนโลยีทางการแพทย์เป็นฐานความรู้ และฝึกคิดวิเคราะห์สถานการณ์ที่จะทำให้เรารอดพ้นและปลอดภัย รวมทั้งฝึกนำเสนอวิธีการรับมือในระดับภาพรวมและการดูแลป้องกันในระดับบุคคล
90642057,96642057,ภูมิคุ้มกาย,เรียนรู้ความรู้เบื้องต้นเกี่ยวกับโรค และภูมิคุ้มกันของร่างกาย ผ่านทางการดูละครหรือภาพยนตร์เพื่อให้เกิดความเข้าใจทางการแพทย์ อย่างถูกต้องและสามารถนำมาใช้ได้จริงในชีวิตประจำวัน
90642058,96642058,ความเข้าใจในนโยบายสุขภาพและสวัสดิภาพของประชาชน,ศึกษาหลักการของนโยบายสาธารณะ สุขภาพและสวัสดิภาพของประชาชน  การตัดสินใจ การวางแผน และการดำเนินการเพื่อให้บรรลุเป้าหมายการดูแลสุขภาพโดยเฉพาะ โดยมีการจัดลำดับความสำคัญด้านสุขภาพตามบทบาทของรัฐบาล ซึ่งมีแนวคิดเกี่ยวกับการวิจัยระบบสุขภาพ ตามหลักธรรมาภิบาล แนวคิดเกี่ยวกับเรื่องความรับผิดชอบ ความโปร่งใส หลักนิติธรรม ความเสมอภาคและความเป็นธรรม การมีส่วนร่วม แสวงหาฉันทามติ เศรษฐศาสตร์สาธารณสุขเบื้องต้น ให้มีประสิทธิผลและประสิทธิภาพ มีการโต้ตอบ ในหลักธรรมาภิบาลและการดูแลสุขภาพ ตามบทบาทของหลักธรรมาภิบาลในศตวรรษที่ 21
90642059,96642059,การแพทย์และวรรณกรรม,ศึกษาภาษาทางการแพทย์ การบรรยายทางการแพทย์ แง่มุมทางการแพทย์ของวรรณกรรมคลาสสิก การเล่าเรื่องอย่างมีประสิทธิภาพเพื่อเพิ่มความเห็นอกเห็นใจในการดูแลทางการแพทย์           การเผยแพร่ทางการแพทย์ การศึกษาทางการแพทย์ด้วยสื่อสังคมออนไลน์และสื่อมวลชน
90642060,96642060,ค้นหาตัวตน,ศึกษาการเปลี่ยนแปลงทางร่างกายในช่วงวัยแรกรุ่นรวมถึงอัตลักษณ์ทางเพศ การพัฒนาทางอารมณ์ การพัฒนาทางสังคม สถานการณ์ที่เป็นปัจจัยเสี่ยงทั้งหมดที่เกี่ยวข้องกับการละเมิดและอาชญากรรม การพัฒนาทางศีลธรรม ช่วงการเปลี่ยนแปลงสู่การเป็นผู้ใหญ่
90642061,96642061,โลกของแมลง,ศึกษาสองโมดูล โมดูลแรกคือความหลากหลายทางชีวภาพ รวมถึงแมลง วิวัฒนาการ ความหลากหลาย ผลกระทบ แรงดึงดูดทางเคมี และการสื่อสาร โมดูลที่สองคือหัวข้อเกี่ยวกับการประยุกต์ใช้และประสบการณ์ด้านแมลง ได้แก่ โบราณคดี อาวุธ อาหารและความบันเทิง รวมถึงเทคโนโลยีหุ่นยนต์และแบบจำลองแมลง นอกจากนี้ยังมีนิติวิทยาศาสตร์ แมลงที่เป็นอันตราย (แมลงที่เป็นอันตรายถึงตายและโรคไมอาซิส) และการควบคุมแมลง
90642062,96642062,เรื่องกินเรื่องใหญ่,การศึกษาความเป็นมา รูปแบบและประเภทของอาหารและเครื่องดื่ม ประเภทธุรกิจของอาหารและเครื่องดื่ม เครื่องมือและอุปกรณ์สำหรับการรับประทานอาหารเทคนิคและศิลปะการบริการอาหาร การรับประทานอาหารในรูปแบบต่าง ๆ รวมทั้งการจัดโต๊ะ และการเลือกสรรอาหารอย่างเหมาะสม
90642063,96642063,การพัฒนาสุขภาพแบบองค์รวม,ศึกษาความสำคัญของการรักษาสุขภาพกายและสุขภาพจิต องค์ประกอบของการพัฒนาสุขภาพกายและสุขภาพจิตที่ดี ปัจจัยที่มีผลต่อการพัฒนาสุขภาพกายและสุขภาพจิตการปรับตัวเพื่อการอยู่ร่วมกับผู้อื่นอย่างมีความสุข
90642074,96642074,อีสปอร์ต,ศึกษาความเป็นมาของกีฬาอีสปอร์ต เรียนรู้ กฎ กติกา มารยาทการเป็นนักกีฬาที่ดี เรียนรู้วิธีการ แข่งขัน การวางแผนกลยุทธ์การเล่นแบบเดี่ยวและทีม การเล่นกีฬาอย่างถูกวิธี ไม่ให้กระทบต่อสุขภาพ ศึกษาวงการกีฬาอีสปอร์ตในภาพรวมเพื่อสร้างความเข้าใจสายงานอาชีพที่เกี่ยวข้อง เลือกฝึกฝนทักษะความชำนาญในด้านการเป็นนักกีฬาหรือเป็นผู้ชำนาญการที่เกี่ยวข้องในการจัดการกีฬาอีสปอร์ต เช่น ผู้จัดการทีม ผู้จัดการแข่งขัน กรรมการ ผู้ดูแลเกม เป็นต้น
90642080,96642080,การประพันธ์เพลงเบื้องต้น,การประพันธ์เพลงเบื้องต้น ศึกษาโครงสร้างการประพันธ์เพลงที่ไม่ซับซ้อน การจัดวางและการพัฒนาของโมทีฟ รูปแบบจังหวะ ฟอร์ม การแต่งทำนอง เนื้อร้อง การแต่งเสียงประสาน การเรียบเรียงเสียง วงดนตรี การแต่งเพลงเพื่อการพาณิชย์เบื้องต้น
90642081,96642081,สุนทรียะเพลงแรป,ศึกษารูปแบบการแต่งเพลงแรป วิวัฒนาการของเพลงแรพจากทั่วโลกและในประเทศไทย วิเคราะห์ สังเคราะห์และตีความการใช้ภาษาในเพลงอย่างมีวิจารณญาณ การมองสะท้อนวัฒนธรรมที่สอดแทรกในบทเพลงเพื่อให้เข้าใจบริบทและเข้าใจคุณค่าของบทเพลง การฝึกแต่งและร้องเพลงแรปแบบปัญญาชน
90642082,96642082,สุนทรียะดนตรี,ศึกษารูปแบบ ลักษณะ ธรรมชาติ และองค์ประกอบของดนตรี ความรู้เบื้องต้นเกี่ยวกับดนตรีไทยและสากล การชื่นชมความงามและการตระหนักถึงคุณค่าของดนตรี ทักษะและมารยาทในการฟังดนตรี
90642083,96642083,ศิลปะแห่งภาพยนตร์,เรียนรู้และฝึกฝนการพัฒนาจิตใจผ่านการชมภาพยนตร์โดยเน้นความซาบซึ้งใจในความงดงาม ของสิ่งต่าง ๆ และชมภาพยนตร์เพื่อความเข้าใจในแง่การสื่อความหมายทางด้านศิลปะ วัฒนธรรม สังคม การเมือง และวิถีชีวิต ผ่านการเล่าเรื่องในเชิงสร้างสรรค์จากภาพยนตร์ในประเภทต่างๆ
90642084,96642084,สุนทรียะภาพถ่าย,ศึกษาเรื่องหลักเกณฑ์การถ่ายภาพเพื่อให้เห็นความงามของภาพที่ถ่าย การใช้อุปกรณ์และเทคนิคต่างๆ การเรียนรู้กระบวนการเพื่อให้ได้รูปถ่ายที่มีคุณค่าในแง่มุมต่างๆ และความซาบซึ้งในการพิจารณาและวิจารณ์รูปถ่าย
90642085,96642085,วัฒนธรรมร่วมสมัย,ศึกษาแนวคิดของพหุวัฒนธรรม วิเคราะห์ปรากฏการณ์ร่วมสมัย โครงสร้างของวัฒนธรรมทั้งระดับสังคมไทยและสังคมโลก วิเคราะห์ความสัมพันธ์และความต่างทางวัฒนธรรม
90642086,96642086,วัฒนธรรมการออกแบบเบื้องต้น,รายวิชานี้มุ้งเน้นให้ผู้เรียนศึกษาและเข้าใจสาขาการออกแบบในเชิงวัฒนธรรม บนความสัมพันธ์ที่มีต่อสาขาอื่นในลักษณะพหุนิยม อาทิ สังคมศาสตร์ เศรษฐศาสตร์ วิทยาศาสตร์เทคโนโลยี โดยถูกออกแบบมาในลักษณะของการศึกษาประเด็นของการข้ามวัฒนธรรม (cross cultural issues) ผ่านประวัติศาสตร์ร่วมสมัย เพื่อผู้เรียนได้เรียนรู้ถึงเหตุปัจจัยที่ทำให้การออกแบบมีความสำคัญต่อการพัฒนาคุณภาพชีวิต การสร้างความยั่งยืน และการรับผิดชอบต่อสังคม
90642087,96642087,วัฒนธรรมรอบโลก,ประวัติศาสตร์อารยธรรมมนุษย์ วัฒนธรรมและปรัชญาตะวันตก วัฒนธรรมและปรัชญาตะวันออก: ประวัติศาสตร์วัฒนธรรมและปรัชญาไทย องค์กรระหว่างประเทศด้านความร่วมมือ กฎหมายและกฎระเบียบ พหุวัฒนธรรมในประเทศไทยและภูมิภาคอาเซียน ผลกระทบของโลกต่อวัฒนธรรมและการพัฒนาเศรษฐกิจของสังคม
90642088,96642088,วัฒนธรรมจีนดั้งเดิม,ศึกษาเกี่ยวกับวัฒนธรรมจีนโบราณซึ่งรวมถึงแฟชั่นโบราณ อาหาร และด้านบันเทิงต่างๆเป็นต้น
90642089,96642089,สังคม เศรษฐกิจ และการเมืองจีน,ศึกษาและวิเคราะห์สังคม เศรษฐกิจและการเมืองจีน เน้นการอ่านวิเคราะห์เพื่ออภิปราย เปรียบเทียบ กับเศรษฐกิจและการเมืองไทย
90642090,96642090,เจาะลึกประเด็นโลก,ศึกษาประเด็นสำคัญของโลก พร้อมผลกระทบที่มีต่อสังคมโลก โดยเฉพาะอย่างยิ่งต่อประเทศไทย ศึกษาและวิเคราะห์บทบาทของปัจจัยภูมิรัฐศาสตร์ บทบาทขององค์การระหว่างประเทศ ความขัดแย้งรูปแบบต่างๆ อิทธิพลของประเทศมหาอำนาจ เป้าหมายการพัฒนาที่ยั่งยืน (SDGs) และผลกระทบในด้านต่างๆ
90642091,96642091,เอเชียนศึกษา,ศึกษาวัฒนธรรม ภาษา และอัตลักษณ์ของประเทศในเอเชีย โดยเน้นการแสดงความคิดเห็นและวิเคราะห์การเปลี่ยนแปลงและการพัฒนาในด้านเศรษฐกิจ วัฒนธรรม และสังคม รวมถึงความสัมพันธ์ระหว่างประเทศ
90642092,96642092,การศึกษาเพื่อสร้างพลเมือง,ศึกษาแนวคิดพื้นฐานของความเป็นพลเมือง สิทธิและหน้าที่ กฎหมายพื้นฐานในชีวิตประจำวัน ฝึกกิจกรรมการสร้างสำนึกพลเมือง การส่งเสริมการมีส่วนร่วมทางการเมือง เพื่อนำไปสู่การสร้างสรรค์นวัตกรรมการศึกษาสำหรับการสร้างพลเมืองในศตวรรษที่ 21 ภายใต้คำแนะนำและการดูแลอย่างใกล้ชิด
90642093,96642093,สานสัมพันธ์กับชุมชน,ศึกษาแนวคิดการมีส่วนร่วมในสังคมชุมชน รูปแบบ บทบาทของแต่ละบุคคลที่มีต่อผู้อื่น รวมทั้งศึกษากระบวนการที่จะเอื้อต่อการสื่อสารและการสร้างปฏิสัมพันธ์ การมีส่วนร่วมของชุมชน การฝึกปฏิบัติในการสร้างความร่วมมือให้แก่ชุมชน
90642094,96642094,หลักการพัฒนาชุมชน,ศึกษาถึงความหมาย วัตถุประสงค์ ความสำคัญ หลักการ และความเป็นมาของการพัฒนาชุมชน แนวคิดการพัฒนาชุมชน และความต้องการของชุมชนเมืองและชุมชนชนบท รวมถึงเทคนิคการพัฒนาชุมชนเพื่อดำเนินโครงการพัฒนาระหว่างวัฒนธรรมของชุมชน การบริหารการพัฒนาชุมชน แผนพัฒนาเศรษฐกิจและสังคมแห่งชาติ การพัฒนาชุมชนในประเทศไทย ปัญหาและอุปสรรคของชุมชน
90642095,96642095,การพัฒนาความมั่นคงแห่งชาติ,ศึกษาองค์ประกอบความมั่นคงแห่งชาติ วิวัฒนาการด้าน ความมั่นคงของชาติไทย ความมั่นคง แห่งชาติทั้งด้านการเมือง ด้านเศรษฐกิจ สังคมจิตวิทยา การป้องกันประเทศ ด้านวิทยาศาสตร์เทคโนโลยีการพลังงาน ทรัพยากรธรรมชาติและสิ่งแวดล้อม และเรียนรู้บทบาทของคนไทยในการพัฒนาประเทศ แนวทางบูรณาการปรัชญาของเศรษฐกิจพอเพียงกับการพัฒนาความมั่นคงแห่งชาติ
90642096,96642096,วิทยาการทางทหาร,วิวัฒนาการทหารและความสัมพันธ์ระหว่างพลเรือนกับทหาร ยุทธศาสตร์ชาติ กำลังอำนาจแห่งชาติภารกิจ การจัด และการดำเนินงานทางทหาร กองทัพบก กองทัพเรือ กองทัพอากาศ การจัดฝ่ายอำนวยการทางทหาร การกำลังสำรอง บทบาทของพลเรือนในการป้องกันประเทศ รวมถึงพัฒนาการเทคโนโลยีทางทหาร
90642097,96642097,ภูมิปัญญาไทยประยุกต์,เรียนรู้ และตระหนักถึงคุณค่าภูมิปัญญาไทย ความภาคภูมิใจในความเป็นไทย ภูมิปัญญาไทยกับพัฒนาการของชุมชน การแสวงหาองค์ความรู้ในภูมิปัญญาท้องถิ่น ให้สามารถนำไปประยุกต์ใช้เป็นแนวทางสำหรับพัฒนางานให้มีเอกลักษณ์ และเพิ่มมูลค่าแก่ชุมชนและเหมาะสมกับกระแสการเปลี่ยนอันเนื่องมาจากการเจริญของสังคมได้อย่างยั่งยืน ผลกระทบทางสังคมและกระแสโลกาภิวัตน์ต่อภูมิปัญญา
90642098,96642098,พลวัตสังคมไทย,ลักษณะทั่วไปและโครงสร้างของสังคมไทย การเมืองปกครองของไทย ศาสนาและความเชื่อของสังคมไทย ลักษณะของครอบครัวและเครือญาติในสังคมไทย พิธีกรรมและประเพณีไทย การเปลี่ยนแปลงและปัญหาในสังคมไทย ภูมิปัญญาไทยและภูมิปัญญาท้องถิ่น แนวคิดและวิสัยทัศน์ทางเศรษฐกิจ สังคม และการเมืองไทย
90642099,96642099,สังคมสูงวัยเชิงรุก,การเตรียมตัวสำหรับคนต่างรุ่น ในการเข้าสู่วัยสูงอายุ และสังคมสูงวัยอย่างสมบูรณ์ของประเทศไทย และสังคมโลก เข้าใจแนวคิดสูงวัยเชิงรุก (Active Aging) ซึ่งเป็นกรอบแนวนโยบายที่สร้างโดยองค์การอนามัยโลก ที่มุ่งเน้นในด้านสุขภาพกายและจิตที่ดี การมีความมั่นคงทางเศรษฐกิจและครอบครัว และการมีส่วนร่วมในสังคม เพื่อให้ผู้สูงอายุ และคนต่างรุ่นได้อยู่ร่วมกันอย่างมีความสุขในสังคมสูงวัยและสังคมสูงวัยอย่างสมบูรณ์ในอนาคต
90642101,96642101,นักรีวิว,พัฒนาทักษะการรีวิวเพื่อเรียนรู้วิถีแห่งสังคม และชุมชน โดยใช้กระบวนการรีวิวที่เป็นระบบ ชัดเจน ถูกต้อง น่าเชื่อถือ และตรวจสอบได้ และเรียนรู้วิธีการค้นหาและเปรียบเทียบข้อมูลสิ่งต่าง ๆที่อยู่รอบๆตัวผู้เรียน ทักษะการคิดเชิงวิพากษ์ และการสื่อสารและประเมินสารสนเทศก่อนรีวิว
90642102,96642102,นักสื่อสารผ่านยูทูบ,เรียนรู้และทำความเข้าใจการใช้เทคโนโลยีดิจิทัลอย่างสร้างสรรค์ ประยุกต์เทคโนโลยีดิจิทัลเพื่อการสร้างงาน โดยการเป็น Youtuber ทำความเข้าใจเกี่ยวกับการเป็น YouTuber วิธีการใช้งาน การสร้าง channel หรือช่องทางของตนเองผ่านทาง YouTube แนวคิดในการสร้าง content หรือเนื้อหาอย่างแตกต่างและสร้างสรรค์ การเขียนสคลิป การถ่ายวีดิโอ การตัดต่อภาพและเสียง เทคนิคการเพิ่มยอดติดตาม (Subscribe) รวมถึงการหารายได้จาก Youtube
90642103,96642103,การดำรงชีพในสังคมดิจิทัล,ศึกษาเกี่ยวกับการใช้ชีวิตในสังคมดิจิทัล ความสำคัญของข้อมูลสารสนเทศ การเข้าถึงแหล่งข้อมูลการพัฒนาทักษะในการสืบค้นและอ้างอิงข้อมูล การใช้และจัดการสารสนเทศได้อย่างถูกต้องและมีประสิทธิภาพการนำเสนออย่างสร้างสรรค์ และมีวิจารณญาณ ตระหนักในจรรยาบรรณและผลกระทบที่มีต่อบุคคลและสังคมรวมทั้งกฎหมายที่เกี่ยวข้อง
90642106,96642106,เล่าเรื่องการเดินทางแบบดิจิทัล,เรียนรู้กระบวนการคิดเชิงออกแบบเพื่อสร้างสรรค์การเล่าเรื่องแบบดิจิทัลด้วยการระดมสมอง การวางแผนการเล่าเรื่อง การออกแบบเรื่องราว การเลือกสื่อในการนำเสนอเพื่อแบ่งปันเรื่องราวต่างๆ ในชีวิตและสะท้อนคิดผลจากการเรียนรู้ ผ่านการสร้างสรรค์ผลงานการเล่าเรื่องแบบดิจิทัลที่มีเทคโนโลยีเข้ามาเกี่ยวข้อง ทำให้ผู้เรียนเป็นคนช่างสังเกต มีมุมมองการใช้ชีวิต และมีทักษะการเล่าเรื่องแบบดิจิทัล
90642107,96642107,การผลิตสื่อดิจิทัล,"การฝึกทักษะในการผลิตสื่อดิจิทัลโดยเน้นการสร้างไอเดียด้วยหลักการวิเคราะห์ข้อมูล หลักการนำเสนอแบบเรื่องเล่า (story telling) การออกแบบและสร้างสื่อประเภทต่างๆ การนำเสนอในรูปแบบกราฟฟิกและวีดีโอผ่านช่องทางต่างๆ ทั้งแบบ off-line, online และ Social Media"
90642108,96642108,เทคโนโลยีการถ่ายภาพดิจิทัล,ศึกษาความเป็นมาและการพัฒนาการของการถ่ายภาพ ส่วนประกอบและหลักการทำงานของกล้องถ่ายภาพดิจิทัล หลักการถ่ายภาพ อุปกรณ์การถ่ายภาพ การจัดองค์ประกอบ เทคนิคการถ่ายภาพแบบต่าง ๆ การจัดแสงเพื่อการถ่ายภาพ การจัดการภาพถ่ายดิจิทัล
90642109,96642109,การออกแบบอินโฟกราฟิก,เรียนรู้การนำเสนอเนื้อหาในรูปแบบอินโฟกราฟฟิก และการใช้เครื่องมือ POWERPOINT ในการนำเสนอให้น่าดึงดูดและน่าสนใจ เรียนรู้ทักษะการสร้างอินโฟกราฟิกอย่างมีประสิทธิภาพ เน้นเข้าใจทฤษฎีการใช้สี การจัดวางข้อมูล และเครื่องมือต่างๆ ในการออกแบบและสร้างชิ้นงาน
90642110,96642110,สนุกกับวิทยาศาสตร์ข้อมูล,ศึกษาความสำคัญ หลักการ กระบวนการของวิทยาการข้อมูล การเตรียมข้อมูล วิทยาการวิเคราะห์ ข้อมูล แบบจำลองพยากรณ์ การแบ่งประเภท การแบ่งกลุ่ม การอนุมานเชิงสถิติ การถดถอยการวิเคราะห์เครือข่ายสังคม ข้อมูลขนาดใหญ่ โดยมุ่งเน้นการนำข้อมูลรอบตัวในชีวิตประจำวันมาประยุกต์ใช้ให้เกิดประโยชน์ได้จริง
90642111,96642111,สนุกกับการเขียนโค้ด,การแก้ปัญหาอย่างเป็นระบบ การสร้างอัลกอริทึมเพื่อการเขียนโปรแกรม การวิเคราะห์และออกแบบขั้นตอนวิธีในการแก้ปัญหาทางคอมพิวเตอร์โดยใช้ผังงานและรหัสเทียม การเขียน การทดสอบ การแก้ปัญหาข้อผิดพลาดในการเขียนโปรแกรมคอมพิวเตอร์ การเขียนเอกสารประกอบโปรแกรม โครงสร้างข้อมูลพื้นฐาน ตัวแปร นิพจน์ ข้อความสั่งและโครงสร้างควบคุมในการโปรแกรม เช่น การกําหนดค่า การดําเนินงานแบบมีเงื่อนไข การดําเนินงานแบบลูป โปรแกรมย่อยและพารามิเตอร์
90642112,96642112,สนุกกับปัญญาประดิษฐ์,ประยุกต์ใช้ปัญญาประดิษฐ์ที่เกี่ยวข้องในชีวิตประจำวัน ประโยชน์ของการนำมาใช้คาดเดาและ วิเคราะห์พฤติกรรมผู้บริโภคจากโซเชียลมีเดีย ธุรกิจสินค้าออนไลน์ และการควบคุมการทำงานของหุ่นยนต์โดยมุ่งเน้นให้นักศึกษาสนุกไปกับเกมส์ที่เล่นแข่งขันกับชุดปัญญาประดิษฐ์ในบริบทต่างๆ และการทำโครงงานจากการใช้ CLOUD PLATFORM ในเบื้องต้น
90642113,96642113,หุ่นยนต์และปัญญาประดิษฐ์,เรียนรู้ความหมาย และความแตกต่างของหุ่นยนต์และปัญญาประดิษฐ์ การใช้หุ่นยนต์ในสายงานเทคโนโลยีต่างๆ ที่เกี่ยวข้องกับชีวิตประจำวันและการทำงาน เช่น การใช้งานในโรงงานอุตสาหกรรม การใช้งานทางด้านสาธารณสุข การใช้งานด้านการเกษตร และอาหาร การใช้งานในบ้าน การใช้เพื่อการบันเทิง การใช้งานในยานพาหนะ การใช้งานด้านการศึกษา แนวทางการใช้หุ่นยนต์ในอนาคต และผลกระทบของการใช้หุ่นยนต์ต่อการใช้ชีวิตประจำวันและระบบเศรษฐกิจ
90642114,96642114,ฟาร์มอัจฉริยะ,ศึกษาแนวคิดแบบใหม่ของการจัดการการเกษตรหรือเรียกว่า ระบบการเกษตรอัจฉริยะซึ่งใช้เทคโนโลยีไอซีทีที่ทันสมัย พร้อมระบบเซ็นเซอร์ในการผลิตพืชและปศุสัตว์โดยเน้นกระบวนการควบคุม และป้องกันการสูญเสียในกระบวนการผลิตเพื่อให้ได้ผลผลิตที่คุ้มค่าที่สุด
90642115,96642115,เทคโนโลยีสีเขียวและพลังงานทดแทน,ศึกษาถึงสถานการณ์พลังงานของโลกและปัญหาพลังงาน แหล่งพลังงานจากเชื้อเพลิง ฟอสซิล เช่น น้ำมันปิโตรเลียม ถ่านหิน ก๊าซธรรมชาติ แหล่งพลังงานทดแทน ได้แก่ พลังงาน แสงอาทิตย์ พลังงานลม พลังงานน้ำพลังงานความร้อนใต้พิภพ พลังงานนิวเคลียร์ เซลล์เชื้อเพลิง พลังงานชีวมวลจากวัสดุเหลือใช้ทางการเกษตร อุตสาหกรรม คุณสมบัติชีวมวล วิธีการสำรวจ การ ประเมินศักยภาพ พืชพลังงาน การประยุกต์ใช้งานระบบพลังงาน
90642116,96642116,เมืองอัจฉริยะและนวัตกรรมเมือง,เรียนรู้แนวคิด การวางผัง ออกแบบและบริหารจัดการเมืองอัจฉริยะ รวมทั้งฝึกทักษะการออกแบบและพัฒนานวัตกรรมเมืองให้สอดคล้องกับบริบททางกายภาพ เศรษฐกิจสังคม การเมือง เทคโนโลยีและสิ่งแวดล้อมของเมืองอย่างยั่งยืน
90642117,96642117,ทักษะการรู้สารสนเทศแห่งศตวรรษที่ 21,เรียนรู้แนวคิดและความสำคัญของสารสนเทศในศตวรรษที่ 21 แหล่งทรัพยากรเพื่อการเรียนรู้สารสนเทศ การจัดเก็บทรัพยากรสารสนเทศ การสืบค้นสารสนเทศ การคัดเลือกแหล่งสารสนเทศ การประเมินคุณค่าของสารสนเทศ การวิเคราะห์และสังเคราะห์สารสนเทศ การเรียบเรียงและนำเสนอสารสนเทศในรูปแบบต่างๆ รูปแบบการอ้างอิงเอกสารตามหลักสากลในงานเขียนเชิงวิชาการและการโจรกรรมทางวรรณกรรม
90642118,96642118,โปรแกรมคอมพิวเตอร์ประยุกต์ทางธุรกิจ,การใช้โปรแกรมคอมพิวเตอร์สำเร็จรูปในงานธุรกิจประเภทต่างๆ ได้แก่ การทำเอกสาร การทำรายงาน การสร้างแบบฟอร์ม การเก็บข้อมูล การวิเคราะห์ข้อมูล การแสดงข้อมูล การนำเสนอ แนะนำการลงทุนในหุ้นและโปรแกรมสำเร็จรูปเพื่อการลงทุนในหุ้น
90642120,96642120,เอ็กเซลเพื่อความเป็นมืออาชีพ,ความรู้ทั่วไปเกี่ยวกับคําสั่งและฟังชันก์ของโปรแกรมสําเร็จรูปประเภทเสปรดชีต เพื่อจัดการข้อมูลวิจัย การเรียบเรียงข้อมูล การประมวลผลข้อมูล การคํานวณและวิเคราะห์ข้อมูลทางสถิติเบื้องต้น
90642121,96642121,การวิเคราะห์และจัดการข้อมูลด้วยโปรแกรมคอมพิวเตอร์,การประยุกต์ใช้คำสั่งและการทำงานของโปรแกรมสเปรดชีตยอดนิยมเช่น Microsoft Excel เพื่อจัดการข้อมูลดิบ การทดลอง การประมวลผลข้อมูล การรวบรวมข้อมูล การคำนวณและวิเคราะห์ข้อมูลทางสถิติพื้นฐาน ตลอดจนการนำเสนอข้อมูลด้วยโปรแกรมพื้นฐานเช่น Microsoft Power Point
90642122,96642122,การใช้แอปพลิเคชัน ไมโครคอมพิวเตอร์,ศึกษาโครงสร้างและคุณลักษณะเฉพาะของไมโครคอมพิวเตอร์ เทคนิคการประยุกต์ใช้เทคโนโลยีไมโครคอมพิวเตอร์ การใช้ซอฟท์แวร์ที่จำเป็นต่างๆ ในตระกูลไมโครซอฟท์ และระบบการจัดการฐานข้อมูล เป็นต้น รวมทั้งเรียนรู้เทคโนโลยียุคปัจจุบันรวมถึงแนวโน้มของการใช้ไมโครคอมพิวเตอร์สำหรับอนาคต
90642123,96642123,เทคโนโลยี คอมพิวเตอร์ดนตรี,เรียนการเขียนภาษาคอมพิวเตอร์ที่เกี่ยวข้องกับการผลิตดนตรี อาทิ มิดี มิวสิค เอ๊กซ์เอ็มเอล เมค เอ็ม เอสพี การใช้ซีควินเซอร์ พื้นฐานการใช้งาน โปรแกรมผลิตดนตรี ประเภทต่างๆ ศึกษาแนวคิดและวิวัฒนาการ การใช้คอมพิวเตอร์ ในการแสดงและผลิตดนตรี
90642124,96642124,เทคโนโลยีและนวัตกรรมทางวิทยาศาสตร์สำหรับ SDGs,ศึกษาความหมาย แนวคิด และบทบาทของเทคโนโลยีและนวัตกรรมต่อการสร้างสรรค์ที่ยั่งยืนและผลกระทบต่อสังคมและความเป็นมนุษย์ รวมถึงนโยบาย กลยุทธ์ เครื่องมือสำหรับการสังเคราะห์และพัฒนาเทคโนโลยีและนวัตกรรมเพื่อเสริมสร้างความแข็งแกร่งในเชิงเศรษฐกิจและสังคมฐานปัญญา ตลอดจน จริยธรรมในการบริหารจัดการ การใช้ประโยชน์ และการคุ้มครองทรัพย์สินทางปัญญาที่เกิดจากเทคโนโลยีและนวัตกรรม
90642125,96642125,การดำรงชีพท่ามกลางภัยพิบัติและวิกฤติในอนาคต,เข้าใจรูปแบบของภัยพิบัติ วิกฤติ หลักการเพื่อการอยู่รอด ปัจจัยที่เกี่ยวข้องและผลกระทบเพื่อการอยู่รอดทั้งในสถานการณ์ปกติ และสถานการณ์วิกฤติ วิเคราะห์กรณีศึกษาต่างๆที่เกิดขึ้น ฝึกทักษะการคิดและนำเสนอผลงานที่สามารถใช้เพื่อการดำรงชีพท่ามกลางภัยพิบัติและวิกฤติในอนาคต
90642126,96642126,วิชาเอาตัวรอด,ศึกษาปัจจัยเสี่ยงต่อการดำรงชีวิตในอดีต ปัจจุบัน และอนาคต การวิเคราะห์ทักษะการดำรงชีวิตเชิงกลยุทธ์เพื่อการจัดลำดับความต้องการจำเป็นในการดำรงชีวิตอย่างมีคุณภาพในแต่ละช่วงวัย การแก้ไขผลกระทบเชิงลบในอดีต การส่งเสริมการใช้ชีวิตในปัจจุบันอย่างมีคุณภาพ การวางแผนการดำรงชีวิตในอนาคตการออกแบบชีวิต การสร้างภูมิคุ้มกันชีวิต การออกแบบแผนการดำรงชีวิตอย่างไม่ประมาท บนพื้นฐานของหลักการและสถิติอย่างเป็นเหตุเป็นผลและเป็นระบบ
90642127,96642127,รักษ์โลก,ศึกษาความสำคัญของการกระตุ้นความคิดและความสำนึกในการอนุรักษ์สิ่งแวดล้อมที่มีต่อคุณภาพชีวิต การศึกษาผลกระทบจากพฤติกรรมของมนุษย์ทั้งทางบวกและลบต่อทรัพยากรธรรมชาติและสิ่งแวดล้อม การคิดวิเคราะห์เพื่อหาแนวทางการจัดการสิ่งแวดล้อมและการพัฒนาทรัพยากรธรรมชาติ การคิดอย่างเป็นระบบ และการวิเคราะห์ความเหมาะสมโดยใช้เครื่องมือช่วยคิดแบบต่างๆ
90642128,96642128,นิเวศวิทยาและการรักษาสิ่งแวดล้อม,เรียนรู้เรื่องผลผลิตทางชีวภาพในระบบนิเวศและการจำกัดผลผลิตและการก่อกวนปฏิสัมพันธ์ระหว่างสิ่งมีชีวิตปัจจัยในการเติบโตของประชากรและความสมดุลของระบบนิเวศกิจกรรมการปกป้องสิ่งแวดล้อมจากมลภาวะหรือการทำลายล้างเกี่ยวกับการอนุรักษ์การปรับปรุงและความยั่งยืนของทรัพยากรธรรมชาติ
90642129,96642129,การท่องเที่ยวทางเลือก,ศึกษาความหมาย แนวคิด และรูปแบบของการท่องเที่ยวทางเลือก เช่น การท่องเที่ยวโดยชุมชน การท่องเที่ยวเชิงเกษตร การท่องเที่ยวเชิงวัฒนธรรม และการท่องเที่ยวเชิงสุขภาพ แนวโน้มของการท่องเที่ยวในปัจจุบัน บทบาทของภาครัฐและเอกชนในการส่งเสริมการตลาดท่องเที่ยว การมีส่วนร่วมของผู้มีส่วนได้ส่วนเสีย และผลกระทบต่อเศรษฐกิจ สังคมและสิ่งแวดล้อม
90642130,96642130,การท่องเที่ยวเชิงกีฬา,ศึกษาความหมาย ประเภท และองค์ประกอบของกิจกรรมการท่องเที่ยวเชิงกีฬา รูปแบบการกีฬาเพื่อการท่องเที่ยว พฤติกรรมการท่องเที่ยวของการท่องเที่ยวเชิงกีฬา การพัฒนาการท่องเที่ยวเชิงกีฬากิจกรรมกีฬากลางแจ้งทั้งทางบก และทางน้ำ การรักษาความปลอดภัยในกิจกรรมการท่องเที่ยวเชิงกีฬา การวางแผน และการจัดกิจกรรมการท่องเที่ยวเชิงกีฬา แนวโน้มการท่องเที่ยวเชิงกีฬาในประเทศ
90642131,96642131,วัฒนธรรมไทยกับการท่องเที่ยว,เรียนรู้วัฒนธรรม ขนบธรรมเนียมประเพณี งานเทศกาล อาหารและมรดกทางภูมิปัญญาไทยที่มีความหลากหลาย แนวคิดของวัฒนธรรมไทยกับการท่องเที่ยว ผลกระทบต่อเศรษฐกิจ สังคม และวัฒนธรรมของอุตสาหกรรมท่องเที่ยว และศึกษาการอนุรักษ์และฟื้นฟูทรัพยากรการท่องเที่ยวทางวัฒนธรรม การสร้างจิตสำนึกทางวัฒนธรรมเพื่อการอนุรักษ์
90642132,96642132,ชุมพรศึกษาเพื่อการท่องเที่ยว,เรียนรู้ภูมิศาสตร์ ประวัติศาสตร์ การเมือง การปกครอง ประชากร เศรษฐกิจ ประเพณีและวัฒนธรรม การคมนาคม เหตุการณ์สำคัญ บุคคลที่มีชื่อเสียงในจังหวัดชุมพร สถานที่สำคัญและสถานที่ท่องเที่ยวที่สำคัญ เพื่อพัฒนาขึ้นเป็นแผนหรือโครงการการจัดนำเที่ยวระยะสั้นด้วยการปฏิบัติจริงในพื้นที่
90642133,96642133,รอบรั้วชุมพรศึกษา,ศึกษาในเชิงสหสาขาวิชา โดยใช้องค์ความรู้ที่ครอบคลุมทั้งด้านการเมืองการปกครอง เศรษฐกิจ สังคมและวัฒนธรรม ประวัติศาสตร์ ภูมิศาสตร์ ภาษาและวรรณกรรม ประชากร เหตุการณ์ บุคคล และสถานที่สำคัญ หรืออื่นๆ ภายใต้กรอบแนวคิดอาณาบริเวณศึกษา เพื่อทำความเข้าใจบริบทต่างๆ ที่เกี่ยวข้องกับพื้นที่จังหวัดชุมพร ด้วยการเรียนรู้ผ่านการทำโครงงานเดี่ยวหรือกลุ่ม ภายใต้คำแนะนำและการดูแลอย่างใกล้ชิด
90642134,96642134,แผ่นดินพระจอมเกล้าฯ ศึกษา,ศึกษาองค์ความรู้ในด้านต่างๆ ที่เกี่ยวข้องกับรัชสมัยของพระบาทสมเด็จพระจอมเกล้าเจ้าอยู่หัว อาทิ พระราชประวัติ พระราชกรณียกิจในด้านการเมืองการปกครอง เศรษฐกิจ สังคมและวัฒนธรรม การนำพาประเทศสยามก้าวเข้าสู่ความเป็นสมัยใหม่ด้วยการทำนุบำรุงบ้านเมืองให้ทันสมัยในด้านต่างๆ ตลอดจนพระอัจฉริยภาพอันเป็นที่ปรากฏแก่ชนชาวสยามและนานาชาติ
90642135,96642135,ปรัชญาเศรษฐกิจพอเพียง,ศึกษาความเป็นมา แนวคิด ความหมาย และ การประยุกต์ใช้ปรัชญาเศรษฐกิจพอเพียงในรูปแบบต่างๆ เรียนรู้จากการปฏิบัติเพื่อให้เกิดความตระหนักในวิถีชีวิตแห่งความพอเพียง และนำหลักปรัชญาเศรษฐกิจพอเพียงไปประยุกต์ใช้ในการดำรงชีวิตอย่างเหมาะสมกับบริบทสังคมและความเปลี่ยนแปลงในปัจจุบัน
90642136,96642136,จริยศาสตร์และสุนทรียศาสตร์,ศึกษาความหมาย ความสำคัญ พัฒนาการและคุณลักษณะเชิงปรัชญาของความงามหรือคุณค่าในประเด็นของจริยธรรมและสุนทรียศาสตร์ซึ่งคิดค้นขึ้นโดยปราชญ์ชาวตะวันตกและตะวันออกจากอดีตกาลจนถึงปัจจุบัน ซึ่งมาจากความเชื่อ ศาสนา และหลักปรัชญาต่างๆ รวมทั้งฝึกคิดวิเคราะห์หลักการทางศิลป์ในเชิงจริยธรรมและเชิงสุนทรียศาสตร์
90642137,96642137,ดูละครแล้วย้อนดูตัว,ศึกษาเนื้อหา แนวคิด และคุณธรรมจริยธรรมที่สะท้อนผ่านเรื่องราวและตัวละครของละครชุดของไทยและต่างประเทศร่วมสมัย การวิเคราะห์ภาพสะท้อนของสังคมร่วมสมัย ค่านิยมของคนในสังคมตลอดจนความสัมพันธ์ระหว่างละครและสังคมร่วมสมัยที่มีอิทธิพลต่อกัน เน้นกระบวนการคิดและการใช้ประโยชน์จากสื่อละครในการวิเคราะห์ และแก้ปัญหาในชีวิตประจำวันอย่างมีหลักการและเหตุผล โดยอาศัยแนวคิดทางวิทยาศาสตร์ สังคมศาสตร์ จิตวิทยา และการรู้เท่าทันสื่อ
90642138,96642138,สมาธิเพื่อพัฒนาชีวิต,ศึกษาความหมายของการทำสมาธิ จุดประสงค์ วิธีการ ขั้นตอน จุดเริ่มต้นของการทำสมาธิลักษณะของการบริกรรมและการทำสมาธิ ประโยชน์ของสมาธิ การนำสมาธิไปใช้ในชีวิตประจำวัน สมาธิกับการเรียนและการงาน
90642140,96642140,ภูมิคุ้มกันทางใจ,ศึกษาแนวคิดทางจิตวิทยาเพื่อทำความเข้าใจและเห็นคุณค่าของตนเองและผู้อื่น การสร้างสัมพันธภาพ การใช้ชีวิตร่วมกับผู้อื่น ทักษะการแก้ปัญหาในการดำเนินชีวิต การปรับเปลี่ยนเพื่อสร้างภูมิคุ้มกันชีวิตให้กับตนเอง
90642141,96642141,จิตวิทยาเพื่อการพัฒนาตนเอง,การพัฒนาเอกลักษณสวนบุคคล ศาสตรแหงการรูจักตนเอง โครงสรางประสบการณของตนเอง การคนหา แรงจูงใจในตนเอง การประเมินตนเอง การยืนยันตนเองที่เป็นแรงกระตุ้นที่จะยืนยันภาพพจน์ของตนเอง การเรียนรู้ที่จะ ปรับปรุงตนเอง การสร้างแนวคิดของตนเอง
90642142,96642142,จิตวิทยาสำหรับการสื่อสาร,อุปสรรคสำคัญของการสร้างสรรค์ศิลปะและการออกแบบประการหนึ่งนอกเหนือจากการสร้างสรรค์ผลงานคือ ความสามารถในการสื่อสารให้ผลงานเป็นที่เข้าใจและยอมรับ การทำงานร่วมกับผู้อื่นอย่างเข้าใจ รายวิชานี้ถูกออกแบบมาเพื่อให้ผู้เรียนเข้าใจและมีทักษะในการสื่อสารอย่างมีประสิทธิภาพ โดยผู้เรียนมีความเข้าใจและความสามารถในการนำเอาความรู้ด้านจิตวิทยามาปรับปรุงกระบวนการสื่อสารอย่างสัมฤทธิ์ผล
90642143,96642143,ชีวิตออกแบบได้,เรียนรู้และฝึกการออกแบบชีวิตของตนเอง เรียนรู้การตั้งเป้าหมายในชีวิตที่สอดคล้องต่อกระแสการเปลี่ยนแปลงในศตวรรษที่ 21 เพิ่มทักษะทางสังคม การใช้ชีวิตอย่างมีความสุขบนพื้นฐานความพอเพียง สามารถจัดการการเงินส่วนตัว การทำงาน การเข้าสังคม การสร้างความสัมพันธ์ส่วนตัวกับบุคคลรอบข้าง
90642144,96642144,กระจกส่องใจ,ศึกษาแนวคิดทางจิตวิทยาเพื่อเข้าใจพฤติกรรมและกระบวนการทำงานของจิตใจมนุษย์ที่ก่อให้เกิดพฤติกรรมต่าง ๆ เช่น การรับรู้ การเรียนรู้ ความคิด ความจำ แรงจูงใจ ความรัก และการสื่อสารระหว่างบุคคล
90642145,96642145,พลังแห่งบุคลิกภาพ,ศึกษาทฤษฎีบุคลิกภาพ กระบวนการในการพัฒนาบุคลิกภาพ เพื่อให้ได้บุคลิกภาพที่เหมาะกับตนเองตามกาลเทศะ การพูดและฝึกพูดในโอกาสต่างๆ ความรู้ทั่วไปเกี่ยวกับมารยาท การเสริมสร้างมนุษย สัมพันธ์ ศิลปะการแต่งกาย การแก้ไขข้อบกพร่องทางร่างกายเพื่อเสริมสร้างบุคลิกภาพ
90642146,96642146,เปลี่ยนความคิด ชีวิตเปลี่ยน,ศึกษาและเข้าใจความเชื่อของมนุษย์ที่มีต่อรูปแบบการเรียนรู้และคุณลักษณะทางปัญญาของตนเองที่สามารถเปลี่ยนแปลงและพัฒนาได้โดยเน้นเรื่องกระบวนการทางความคิดซึ่งนำไปสู่การใช้ศักยภาพของมนุษย์อย่างเต็มที่เพื่อไปสู่ความสำเร็จ รวมทั้งเรียนรู้กระบวนการเปลี่ยนแปลงในกรอบความคิดแบบตายตัว (fixed mindset) ไปสู่การเปลี่ยนแปลงในกรอบความคิดแบบเติบโต (growth mindset) เพื่อนำไปสู่การเพิ่มความสุข แรงจูงใจ และความสำเร็จ และฝึกฝนกระบวนการเปลี่ยนแปลงความคิดและทัศนะทางลบที่มีต่อความล้มเหลวให้เป็นความคิดในเชิงบวก
90642147,96642147,ทักษะแห่งความสุข,ศึกษาหลักการทางมนุษย์ศาสตร์และสังคมศาสตร์เชิงบวกโดยบูรณาการเพื่อการฝึกปฏิบัติทักษะแห่งความสุขในทุกบริบทเช่น การยอมรับความจริง การรู้จักการให้อภัย การมองโลกในแง่บวก และการรู้คิดเพื่อการดำเนินชีวิตอย่างมีความสุขทั้งในส่วนตน สังคม การงาน
90642148,96642148,ศิลปะการพัฒนาอารมณ์,ศึกษาความหมาย ความสำคัญ หลักการ แนวคิดทฤษฎีที่เกี่ยวข้องอารมณ์ที่มีอิทธิพลต่อการดำรงชีวิต การปรับเปลี่ยนความคิด การคิดเชิงบวก การเผชิญปัญหา การจัดการอารมณ์ในการทำงานและการดำเนินชีวิตประจำวัน
90642149,96642149,ศิลปะสร้างสรรค์เพื่อพัฒนาอารมณ์และจิตวิญญาณ,เรียนรู้การบูรณาการการสร้างสรรค์ผลงานศิลปะงานที่ไม่กำหนดผลลัพธ์ ไม่ยึดติดกับอุปกรณ์ทฤษฎี และความสวยงามของผลงาน ให้ความสำคัญกับความคิด การวางแผน และการลงมือทำ เน้นที่การสะท้อนตัวตนเพื่อให้เกิดความรับรู้และเข้าใจในตนเอง รวมถึงการพัฒนาอารมณ์ สติปัญญา สมาธิ ความคิดสร้างสรรค์ และจิตวิญญาณ
90642150,96642150,ศิลปะในชีวิตประจำวัน,ศิลปะในชีวิตประจำวันเป็นเรื่องของสัมพันธบทที่ศิลปะมีต่อเรื่องราวปรากฎการณ์รอบตัว ศิลปะไม่ได้ดำเนินไปบนขนบปฏิบัติที่พึ่งพิงสื่อศิลปะใดสื่อศิลปะหนึ่ง การเคลื่อนตัวของสื่อศิลปะ ตลอดจนการขยับขยายตัวของสุนทรียศาสตร์และรสนิยม วัตถุประสงค์ของวิชานี้ เพื่อศึกษาและทำความเข้าใจการเปลี่ยนแปลงในศิลปะตั้งแต่หลังสงครามโลกครั้งที่สอง ลัทธินิยมทางศิลปะ อาทิ ป้อปอาร์ต มินิมอลลิสม์ ศิลปะร่วมสมัย ตลอดจนผลกระทบที่มีต่อชีวิตคน มีเป้าหมายเพื่อให้นักศึกษาสามารถนำข้อมูลที่ได้ไปศึกษาต่อยอดในการสร้างสรรค์ส่วนอื่นๆ ต่อไป
90642151,96642151,มนุษย์กับศิลปะ,ศึกษารูปแบบของศิลปะแต่ละยุคสมัย เทคนิคและวิธีการสร้างสรรค์งานศิลปะ การกำเนิดและที่มาของการสร้างงานศิลปะ และอภิปรายแนวความคิดและวัตถุประสงค์ในการสร้างสรรค์ผลงานตั้งแต่อดีตจนถึงปัจจุบัน โดยเชื่อมโยงกับการเปลี่ยนแปลงของบริบททางสังคม ศาสนา เศรษฐกิจ และการเมือง ในแต่ละยุคสมัย
90642152,96642152,ปันสุข,ศึกษาองค์ประกอบของจิตอาสา/จิตสาธารณะ ความหมาย รูปแบบของจิตอาสา/จิตสาธารณะ ประโยชน์ที่ได้รับ วิธีการทำงานร่วมกันกับชุมชน การจัดการปัญหาสาธารณะหรือเสริมสร้างคุณภาพของชุมชน องค์กรด้านจิตอาสา/จิตสาธารณะทั้งในและต่างประเทศ ฝึกการเป็นจิตอาสาและหรือจัดทำโครงการเพื่อพัฒนาจิตอาสา/ จิตสาธารณะ
90642153,96642153,ความเข้าใจในพฤติกรรมมนุษย์,เรียนรู้พื้นฐานพฤติกรรมทางชีววิทยา ความคิด แรงจูงใจ และอารมณ์ การพัฒนาสุขภาพจิตและบุคลิกภาพ  ศึกษาทฤษฎีจิตวิเคราะห์ทฤษฎีการเรียนรู้ ทฤษฎีพฤติกรรม และพฤติกรรมบำบัด  รวมถึงศึกษาความสัมพันธ์ระหว่างตนเอง ครอบครัวและสังคม ผลกระทบของความเชื่อและศาสนาที่มีต่อพฤติกรรม เรียนรู้วิธีการทำความเข้าใจสุขภาพและความเจ็บป่วยผ่านปัจจัยทางชีวภาพ จิตวิทยาและสังคม แนวคิดสุขภาพโลก
90642154,96642154,ล้มให้เป็น,ศึกษาการเปลี่ยนแปลงในเชิงลบหรือความล้มเหลว ความผิดหวังที่เกิดขึ้นในชีวิต เพื่อให้เข้าใจตัวเอง และมองโลกตามความเป็นจริง ฝึกฝนการปรับตัวเพื่อเผชิญจากสถานการณ์และทัศนคติทางบวกและลบที่เกิดขึ้นทั้งของตนเองและผู้อื่น และเรียนรู้แนวทางป้องกัน การปรับแผนชีวิตไม่ให้เกิดเหตุการณ์ซ้ำเดิม เพื่อนำความผิดพลาดไปปรับใช้สำหรับการดำเนินชีวิตในอนาคตได้
90642156,96642156,ฮวงจุ้ย,ศึกษา ความหมาย และหลักการของฮวงจุ้ย ที่สามารถนำมาประยุกต์ใช้ในชีวิตประจำวัน หรือนำไปประยุกต์ใช้กับการอยู่ร่วมกับผู้อื่นอย่างมีความสุข
90642157,96642157,โหราศาสตร์ไทย,ศึกษาความเป็นมาเกี่ยวกับโหราศาสตร์และการพยากรณ์ เน้นโหราศาสตร์ไทยและการพยากรณ์ ที่มีหลักเกณฑ์และสถิติเพื่อความเข้าใจที่ถูกต้องเกี่ยวกับโหราศาสตร์ที่มีพื้นฐานจากวิทยาศาสตร์และดาราศาสตร์ และเรียนรู้รูปแบบการพยากรณ์ในแบบของโหราศาสตร์ไทยเพื่อให้สามารถนำไปปรับใช้ในชีวิตประจำวัน
90642158,96642158,มุมมองวิทยาศาสตร์และเทคโนโลยีร่วมสมัย,ฝึกการแสดงความคิดเห็นในประเด็นร่วมสมัยด้านวิทยาศาสตร์และเทคโนโลยีรวมทั้งนวัตกรรมและเทคโนโลยี ฝึกวิเคราะห์ สรุปประเด็นต่างๆ ทั้งแนวคิด การประยุกต์ใช้ รวมทั้งเรียนรู้แอปพลิเคชันที่เกี่ยวข้องกับศาสตร์ที่หลากหลายในวิทยาศาสตร์
90642159,96642159,จิตวิทยาเบื้องต้น,"เรียนรู้ศาสตร์ด้านจิตวิทยาวิทยาศาตร์ ครอบคลุมถึง ความรู้สึกและการรับรู้, การเรียนรู้, การจดจำ, ความสามารถในการเรียนรู้,  ภาษา และความรู้ความเข้าใจด้านภาษา, อารมณ์และการแสดงออก, การพัฒนาตน, บุคลิกภาพ, สุขภาพและการเจ็บป่วย, และพฤติกรรมที่แสดงออกในสังคม นักศึกษาจะได้เรียนรู้และแสดงความเห็นเกี่ยวกับความสัมพันธ์ระหว่าง สมอง พฤติกรรม ประสบการณ์ และได้เรียนรู้กระบวนการของการค้นพบแนวคิดใหม่ การหาผลสรุปของแนวคิด"
90642161,96642161,ดนตรีอิเล็กทรอนิกส์,การศึกษาประวัติศาสตร์ดนตรีอิเล็กทรอนิกส์ตั้งแต่ช่วงทศวรรษ 1850 จนถึงปัจจุบัน ในหลักสูตรนี้ นักศึกษาจะได้เรียนรู้เกี่ยวกับพัฒนาการ พร้อมตัวอย่างเสียงในแต่ละช่วง ปรัชญาของดนตรีอิเล็คทรอนิคส์แต่ละประเภทจะได้รับการศึกษา เชื่อมโยง กับผู้ร่วมสมัยในสาขาศิลปะและเทคโนโลยีอื่น ๆ ซึ่งรวมถึงวิธีการโน้ตสมัยใหม่ เช่น การให้คะแนนแบบกราฟิกและสัญกรณ์ไฟฟ้าอะคูสติก โดยจะเรียนรู้จากผลงานที่สำคัญผ่านประวัติศาสตร์ของการรู้เท่าทันดนตรีอิเล็กทรอนิกส์
90642162,96642162,พร้อมสู่วัยทำงาน,ความรู้พื้นฐานและเทคนิคในการสมัครงาน การเขียนจดหมายสมัครงาน และการสัมภาษณ์งาน การพัฒนาบุคลิกภาพ การสร้างความมั่นใจในตนเอง ทักษะการทำงานเป็นทีม การพัฒนาทักษะการสื่อสาร เทคนิคการนำเสนองาน ปัญหาอุปสรรคและแนวทางแก้ไขระหว่างการปฏิบัติงาน การสร้างสมดุลชีวิตกับการทำงานด้วยอิคิไก การวางแผนการเงินส่วนบุคคล กฎหมายแรงงานและกฎหมายอื่นๆ ที่เกี่ยวข้อง
90642163,96642163,โดดเด่นด้วยจุดแข็ง,รู้จักและเข้าใจจุดแข็ง ค้นหาจุดแข็งของตนเอง วิเคราะห์การกระทำและพฤติกรรมของตนเองจากจุดแข็ง การพัฒนาจุดแข็ง การสังเกตจุดแข็งของผู้อื่น การใช้จุดแข็งเพื่อสร้างความแตกต่างในการทำงาน ข้อควรระวังของการใช้จุดแข็ง และการร่วมงานกับผู้ที่มีจุดแข็งแตกต่างกัน
90642164,96642164,กฎหมายทรัพย์สินทางปัญญาสำหรับผู้ประกอบการ,"ความเป็นมาในการคุ้มครองทรัพย์สินทางปัญญา กฎหมายระหว่างประเทศในการคุ้มครองทรัพย์สินทางปัญญา, ประเภทของทรัพย์สินทางปัญญา, หลักกฎหมายลิขสิทธิ์, หลักกฎหมายสิทธิบัตร และหลักกฎหมายเครื่องหมายการค้า, กระบวนการยื่นคำขอแจ้งข้อมูลลิขสิทธิ์, กระบวนการจดทะเบียนสิทธิบัตรการประดิษฐ์, กระบวนการจดทะเบียนสิทธิบัตรการออกแบบผลิตภัณฑ์, กระบวนการจดทะเบียนอนุสิทธิบัตร, กระบวนการจดทะเบียนเครื่องหมายการค้า และกรณีศึกษาต่าง ๆ ที่เกี่ยวข้องกับทรัพย์สินทางปัญญาสำหรับผู้ประกอบการ"
90642167,96642167,จังหวะชีวิต,ศึกษาแนวคิด และ การเปลี่ยนแปลงทางร่างกายและจิตใจในแต่ละช่วงเวลาของชีวิตตั้งแต่เกิดจนตาย เพื่อให้เตรียมความพร้อมรับมือต่อสิ่งที่จะเกิดขึ้นในแต่ละช่วงเวลา ตั้งแต่วัยรุ่น วัยรัก วัยทำงาน สร้างครอบครัว เลี้ยงดูบุตร ดูแลผู้สุงอายุในครอบครัว วัยทอง วัยเกษียณ เพื่อสร้างความเข้าใจภายในครอบครัว และสังคมที่เต็มไปด้วยความแตกต่างหลากหลาย
90642168,96642168,เรื่องน่ารู้ของพืชสมุนไพรเพื่อสุขภาพและความงาม,พืชสมุนไพรเพื่อสุขภาพและความงาม การตลาด การผลิตสมุนไพรที่มีความสำคัญอย่างง่าย การแปรรูปผลิตภัณฑ์อย่างง่าย อาหารและเครื่องดื่มจากพืชสมุนไพรเพื่อสุขภาพและความงาม
90642169,96642169,กัญชาเพื่อชีวิต,ประวัติของกัญชา กฎหมายกัญชาในประเทศไทย การจำแนกพืชในสกุลกัญชา สารสำคัญและการใช้ประโยชน์จากกัญชา การปลูกและสกัดกัญชาอย่างง่าย อาหารและเครื่องดื่มที่มีส่วนผสมจากกัญชา
90642170,96642170,ตรรกศาสตร์เบื้องต้น,การศึกษาแนวคิด หลักการ เทคนิค และเครื่องมือเบื้องต้นทางตรรกศาสตร์ รวมถึงการนำไปประยุกต์ใช้ การวิเคราะห์การอ้างเหตุผล การให้เหตุผลแบบนิรนัยและแบบอุปนัย การอ้างเหตุผลบกพร่อง ตรรกศาสตร์สัญลักษณ์เบื้องต้น วิธีการพิสูจน์ การประยุกต์ใช้ตรรกศาสตร์ในการแก้ปัญหาและในชีวิตประจำวัน
90642175,96642175,เปตอง,ศึกษาหลักการ กฎ กติกา มารยาท ของการเล่นเปตอง ฝึกฝนทักษะ และเรียนรู้เทคนิคเพื่อการแข่งขัน
90642176,96642176,รักบี้ฟุตบอล,ศึกษาหลักการ กฎ กติกา มารยาท ของการเล่นรักบี้ฟุตบอล ฝึกฝนทักษะ และเรียนรู้เทคนิคเพื่อการแข่งขัน
90642177,96642177,ฟุตบอล,ศึกษาหลักการ กฎ กติกา มารยาท ของการเล่นฟุตบอล ฝึกฝนทักษะ และเรียนรู้เทคนิคเพื่อการแข่งขัน
90642178,96642178,ซอฟบอลและเบสบอล,ศึกษาหลักการ กฎ กติกา มารยาท ของการเล่นซอฟบอลและเบสบอล ฝึกฝนทักษะ และเรียนรู้เทคนิคเพื่อการแข่งขัน
90642179,96642179,เทนนิส,ศึกษาหลักการ กฎ กติกา มารยาท ของการเล่นเทนนิส ฝึกฝนทักษะ และเรียนรู้เทคนิคเพื่อการแข่งขัน
90642180,96642180,วอลเลย์บอล,ศึกษาหลักการ กฎ กติกา มารยาท ของการเล่นวอลเลย์บอล ฝึกฝนทักษะ และเรียนรู้เทคนิคเพื่อการแข่งขัน
90642181,96642181,กอล์ฟ,ศึกษาหลักการ กฎ กติกา มารยาท ของการเล่นกอล์ฟ ฝึกฝนทักษะ และเรียนรู้เทคนิคเพื่อการแข่งขัน
90642182,96642182,แบดมินตัน,ศึกษาหลักการ กฎ กติกา มารยาท ของการเล่นแบดมินตัน ฝึกฝนทักษะ และเรียนรู้เทคนิคเพื่อการแข่งขัน
90642183,96642183,บาสเกตบอล,ศึกษาหลักการ กฎ กติกา มารยาท ของการเล่นบาสเกตบอล ฝึกฝนทักษะ และเรียนรู้เทคนิคเพื่อการแข่งขัน
90642184,96642184,หมากกระดาน,ศึกษาหลักการ กฎ กติกา มารยาท ของการเล่นหมากกระดาน ฝึกฝนทักษะ และเรียนรู้เทคนิคเพื่อการแข่งขัน
90642185,96642185,คาราเต้,ศึกษาหลักการ กฎ กติกา มารยาท ของการต่อสู้ด้วยคาราเต้ ฝึกฝนทักษะ และเรียนรู้เทคนิคเพื่อการแข่งขัน
90642186,96642186,ยิงปืน,ศึกษาหลักการ กฎ กติกา มารยาท ของการยิงปืน ฝึกฝนทักษะ และเรียนรู้เทคนิคเพื่อการแข่งขัน
90642187,96642187,เทเบิลเทนนิส,ศึกษาหลักการ กฎ กติกา มารยาท ของการเล่นเทเบิลเทนนิส ฝึกฝนทักษะ และเรียนรู้เทคนิคเพื่อการแข่งขัน
90642188,96642188,เทควันโด,ศึกษาหลักการ กฎ กติกา มารยาท ของการต่อสู้ด้วยเทควันโด ฝึกฝนทักษะ และเรียนรู้เทคนิคเพื่อการแข่งขัน
90642189,96642189,ยูโด,ศึกษาหลักการ กฎ กติกา มารยาท ของการต่อสู้ด้วยยูโด ฝึกฝนทักษะ และเรียนรู้เทคนิคเพื่อการแข่งขัน
90642190,96642190,วิธีการออกแบบเพื่อสร้างนวัตกรรม,ศึกษากระบวนการออกแบบเชิงระบบเพื่อสร้างสรรค์ผลิตผลและบริการเชิงนวัตกรรม ฝึกการค้นคว้าหาแนวโน้มและข้อมูล เช่น แนวโน้มของโลก แนวคิดสาธารณะ ประเด็นด้านเทคโนโลยี ธุรกิจ สังคมและเศรษฐกิจ เรียนรู้วิธีการแยกและสังเคราะห์บริบทเพื่อสร้างโอกาสในการสร้างนวัตกรรม ศึกษากระบวนการเก็บข้อมูลผู้บริโภค กระบวนการสร้างความเข้าใจในประเด็นที่นำไปสู่แนวคิดในการสร้างสรรค์ผลงานเพื่อหาโซลูชั่นออกมาในการผลิตชิ้นงานนวัตกรรมและการบริการเชิงนวัตกรรม
90642191,96642191,การตีความและการใช้เหตุและผล,เรียนรู้การตีความและการวิเคราะห์เนื้อหาที่เป็นเชิงอภิปราย แยกแยะคุณค่า นิยาม ความหมายของบทอภิปรายดังกล่าว และเรียนรู้วิธีการสังเคราะห์ความหลากหลายของมุมมองต่างๆ รวมทั้งสามารถแสดงความคิดเห็นขัดแย้งต่อมุมมองต่างๆ เหล่านั้นได้ และสามารถแสดงความคิดเห็นต่อยอดเพื่ออภิปรายประเด็นต่างๆ ในศาสตร์ของวิศวกรรม นวัตกรรมทางธุรกิจ และด้านเทคโนโลยี
90642192,96642192,ฟันดาบสากล,ศึกษาหลักการ กฎ กติกา มารยาท ของกีฬาฟันดาบสากล ฝึกฝนทักษะ และเรียนรู้เทคนิคเพื่อการแข่งขัน
90642193,96642193,ฟุตซอล,ศึกษาหลักการ กฎ กติกา มารยาท ของกีฬาฟุตซอล ฝึกฝนทักษะ และเรียนรู้เทคนิคเพื่อการแข่งขัน
90642194,96642194,ลีลาศ,ศึกษาหลักการ กฎ กติกา มารยาท ของกีฬาลีลาศ ฝึกฝนทักษะ และเรียนรู้เทคนิคเพื่อการแข่งขัน
90642195,96642195,บริดจ์,ศึกษาหลักการ กฎ กติกา มารยาท ของการเล่นบริดจ์ ฝึกฝนทักษะ และเรียนรู้เทคนิคเพื่อการแข่งขัน
90642196,96642196,ผู้ฝึกสอนการออกกำลังกายส่วนบุคคล,ศึกษาหลักการต่างๆ ที่จำเป็นต่อการดูแลสุขภาพร่างกายให้มีสุขภาพดีและแข็งแรง  เรียนรู้วิธีการประเมินสุขภาพ และประเมินสมรรถภาพร่างกายก่อนการออกกำลังกาย โครงสร้างร่างกายเบื้องต้นที่ต้องรู้ก่อนการออกกำลังให้ถูกต้อง ลักณะการเคลื่อนไหวร่างกายในการออกกำลังกายที่ถูกต้อง การออกกำลังกายในท่าต่างๆ ที่ถูกต้อง การยืดเหยียดร่างกาย การจัดการเรื่องโภชนาการอาหารให้ครบ 5 หมู่ การออกกำลังกายที่เน้นการเต้นของหัวใจ การจัดโปรแกรมการออกกำลังการที่เหมาะสมของแต่ละบุคคล การนวดทางด้านกีฬา การปฐมพยาบาลและการช่วยชีวิตเบื้องต้น และการแก้ไขลักษณะท่าทางให้เหมาะสมตามโครงสร้างร่างกายด้วยการออกกำลังกาย
90642197,96642197,การดำน้ำเพื่อการท่องเที่ยวเชิงอนุรักษ์,ความหมาย ความสำคัญ และรูปแบบของการดำน้ำเพื่อการท่องเที่ยวเชิงอนุรักษ์ ความสัมพันธ์ของระบบนิเวศ    และความหลากหลายทางชีวภาพใต้น้ำ ความสัมพันธ์ระหว่างวิถีชีวิตชุมชนกับการใช้ทรัพยากรทางทะเล แนวคิดและรูปแบบการอนุรักษ์และการจัดการทรัพยากรอย่างยั่งยืน สภาพแวดล้อมและการปรับตัวกับโลกใต้น้ำ การฝึกพื้นฐานการดำน้ำ การประกอบและใช้อุปกรณ์ในการดำน้ำ การใช้สัญญาณมือ การสื่อสารใต้น้ำ การวางแผนดำน้ำ และการแก้ไขสถานการณ์ฉุกเฉิน
90642201,96642201,รู้ลักษณ์,ศาสตร์แห่งการรู้จักตนเอง ความตระหนักรู้เกี่ยวกับบุคลิกภาพภายในตนเอง สำรวจประสบการณ์ภายในของตนเอง การค้นหาแรงจูงใจในตนเอ การพัฒนาการเติบโตภายในและความสัมพันธ์ระหว่างบุคคล
90643001,96643001,ปฏิบัติงานตามทักษะด้านการจัดการ 1,เป็นการปฏิบัติงาน หรือการฝึกงาน หรือการฝึกอบรม หรือกิจกรรมอื่นๆ ที่สื่อให้เห็นถึงการดำเนินการที่เกี่ยวกับการพัฒนาทักษะด้านการจัดการโดยมีเวลาดำเนินการไม่น้อยกว่า 15 ชั่วโมง
90643002,96643002,ปฏิบัติงานตามทักษะด้านการจัดการ 2,เป็นการปฏิบัติงาน หรือการฝึกงาน หรือการฝึกอบรม หรือกิจกรรมอื่นๆ ที่สื่อให้เห็นถึงการดำเนินการที่เกี่ยวกับการพัฒนาทักษะด้านการจัดการโดยมีเวลาดำเนินการไม่น้อยกว่า 30 ชั่วโมง
90643003,96643003,ปฏิบัติงานตามทักษะด้านการจัดการ 3,เป็นการปฏิบัติงาน หรือการฝึกงาน หรือการฝึกอบรม หรือกิจกรรมอื่นๆ ที่สื่อให้เห็นถึงการดำเนินการที่เกี่ยวกับการพัฒนาทักษะด้านการจัดการโดยมีเวลาดำเนินการไม่น้อยกว่า 45 ชั่วโมง
90643004,96643004,ผู้นำพลังบวก,หลักการสำคัญของการเป็น “ผู้นำพลังเชิงบวก” การพัฒนาภาวะความเป็นผู้นำ การสร้างเสริมทัศนคติเชิงบวกในการทำงานให้ทีมงาน จิตวิทยาการบริหารและจูงใจ
90643005,96643005,นักเปลี่ยนโลก,เรียนรู้ประสบการณ์ชีวิต แนวคิดการใช้ชีวิต การจัดการกับปัญหา หรืออุปสรรคในชีวิต การให้กำลังใจ พลังใจ การสร้างแรงบันดาลใจให้กับตนเองและผู้อื่น การจัดการความเสี่ยง การบริหารงาน บริหารคน และการพัฒนาตนเอง การสื่อสารในโลกดิจิทัล จนประสบความสำเร็จในชีวิต
90643006,96643006,การจัดการและผู้นำสมัยใหม่,ศึกษาหลักการการบริหารจัดการยุคใหม่ ทฤษฎีผู้นำยุคใหม่ และทฤษฎีผู้นำยุคปัจจุบัน ศึกษาความสัมพันธ์ระหว่างการจัดการและภาวะผู้นำ การเรียนรู้แนวทางการพัฒนาทักษะการจัดการ และทักษะภาวะความเป็นผู้นำ
90643007,96643007,ภาวะผู้นำสำหรับคนรุ่นใหม่,เรียนรู้และฝึกฝนทักษะภาวะผู้นำสำหรับคนรุ่นใหม่ซึ่งประกอบด้วยการฝึกเป็นผู้ริเริ่ม กำหนด หรือเลือกสิ่งต่างๆ ก่อน ให้มีนิสัยเชิงรุกพร้อมรับมือโดยการคาดการณ์ไว้ก่อนเพื่อเตรียมพร้อมรับมือหากเกิดเหตุการณ์หรือสิ่งที่ไม่พึ่งประสงค์เกิดขึ้น การตั้งเป้าหมายความสำเร็จในชีวิตและสร้างภาพความคิดให้ชัดเจนเพื่อจะนำมาวางแผนการดำเนินการได้ง่ายขึ้น การรู้จักจัดเรียงความสำคัญของสิ่งที่จะต้องทำและเลือกทำในสิ่งที่สำคัญก่อน การมีทัศนคติที่ชนะทั้งคู่โดยไม่เอาเปรียบใครและส่งเสริมการได้ประโยชน์ซึ่งกันและกันในทุกสถานการณ์ การสร้างนิสัยการฟังที่ดีเพื่อให้เข้าใจผู้อื่น การสร้างนิสัยการทำงานเป็นทีมและการดึงจุดเด่นของแต่ละคนมาเป็นประโยชน์เพื่อการทำงานร่วมกัน และการหมั่นพัฒนาตนเองอยู่เสมอ
90643008,96643008,ศาสตร์การต่อรอง,ศึกษาสถานการณ์การต่อรองโดยใช้ตรรกะการคิดแบบองค์รวมและวิธีการคิดแบบต่างๆ ศึกษาปัจจัยกระตุ้นให้เกิดการต่อรอง เรียนรู้ทฤษฎีความต้องการพื้นฐานของมนุษย์ที่เกี่ยวข้องกับการต่อรอง และเทคนิคการต่อรอง ศึกษากรณีตัวอย่างของการต่อรอง
90643010,96643010,การตลาดร่วมสมัย,ศึกษาหลักการตลาดร่วมสมัยและสมัยใหม่ รวมถึงการเปลี่ยนแปลงของพฤติกรรมผู้บริโภค การวิเคราะห์สภาพแวดล้อมทางธุรกิจยุคใหม่ การแบ่งสัดส่วนตลาด การกำหนดกลุ่มเป้าหมาย การกำหนดตำแหน่งทางการตลาด ส่วนประสมทางการตลาด ผลิตภัณฑ์ ราคา ช่องทางการจัดจำหน่าย การส่งเสริมการตลาด จริยธรรมทางการตลาด การตลาดดิจิทัล
90643012,96643012,การทำงานเป็นทีม,ศึกษาความหมายและความสำคัญของการสร้างทีมงาน แนวคิดพื้นฐานในการพัฒนาองค์การ แนวคิดเกี่ยวกับการทำงานเป็นทีม การพัฒนาการทำงานเป็นทีม  แผนการสื่อสารในทีม  การเป็นผู้นำและผู้ตามที่ดี ประโยชน์และอุปสรรคในการทำงานเป็นทีม การบริหารความขัดแย้งในทีม ทักษะในการสร้างทีมงานที่มีประสิทธิผล การสร้างความภาคภูมิใจในทีมงาน ปัญหาในการสร้างทีมงานและแนวทางแก้ไข
90643013,96643013,การจัดการเชิงอุตสาหกรรม,ศึกษาเกี่ยวกับการจัดการการผลิต ขอบเขตและกระบวนการต่าง ๆ ของการจัดการการผลิต โครงสร้างองค์กร การวางแผนและพัฒนาผลิตภัณฑ์ใหม่ การคาดการณ์การผลิต การวางแผนการผลิต รูปแบบการผลิตและมาตรฐานการปฏิบัติงาน การจัดตารางการผลิต จัดการที่ตั้งการผลิต การจัดซื้อและการควบคุมสินค้าคงคลัง ควบคุมคุณภาพ อุตสาหกรรมการเงิน การบริหารงานบุคคล แรงงานสัมพันธ์ แรงจูงใจการทำงานของบุคลากร การบำรุงรักษาการผลิต และการจัดการด้านความปลอดภัย
90643014,96643014,ความรู้ทั่วไปเกี่ยวกับธุรกิจ,ศึกษาความหมายของกระบวนการบริหาร โดยเป็นเนื้อหาในองค์การธุรกิจ การใช้ทรัพยากรทางการบริหารให้เป็นประโยชน์ต่อธุรกิจ รูปแบบของการดำเนินงานทางธุรกิจ การจัดองค์การ การสร้างมนุษยสัมพันธ์ ความเป็นผู้นำและการจูงใจบุคคลภายในองค์การ และการนำหลักการพื้นฐานและความรู้ทั่วไปทางด้านการตลาด การบริหารงานบุคคล การบริหารการเงิน และการบัญชีมาใช้ในการบริหารธุรกิจขององค์การ
90643015,96643015,การบัญชีทางธุรกิจสำหรับคนรุ่นใหม่,ศึกษาถึงแนวความคิดและความหมายทั่วไปของการบัญชี งบการเงิน สมการบัญชี การวิเคราะห์รายการค้า ขั้นตอนของการบันทึกข้อมูลทางการบัญชี ทฤษฎีการบัญชีคู่ การบันทึกรายการค้าในบัญชีแยกประเภท งบทดลองและสมุดรายวันทั่วไป การปรับปรุงบัญชี และการปิดบัญชี
90643016,96643016,สนุกกับธุรกิจออนไลน์,ศึกษาธุรกิจออนไลน์เบื้องต้น โอกาสในการทำธุรกิจออนไลน์ รูปแบบการสร้างรายได้ออนไลน์ การตลาดออนไลน์ การประมูลออนไลน์ กฎหมายและจริยธรรมกับการค้าออนไลน์ การสร้างธุรกิจออนไลน์ด้วยตนเอง
90643018,96643018,ธุรกิจระหว่างประเทศ,ศึกษาเบื้องต้นเกี่ยวกับธุรกิจระหว่างประเทศ คำศัพท์ที่สำคัญในสาขาธุรกิจระหว่างประเทศ อัตราการแลกเปลี่ยนระหว่างประเทศ ระบบการเงินระหว่างประเทศ ตลาดปริวรรตเงินตรา กฎหมายระหว่างประเทศและการปรับตัวของโลก องค์กรเหนือรัฐและสถาบันระหว่างประเทศ การตลาดระหว่างประเทศและการจัดการห่วงโซ่อุปทาน การพาณิชย์อิเล็กทรอนิกส์ วัฒนธรรมและธุรกิจระหว่างประเทศในระบบเศรษฐกิจของตลาดเกิดใหม่ และการจัดการด้านจริยธรรมในบริบทระหว่างประเทศ
90643019,96643019,เศรษฐศาสตร์กับการเป็นผู้ประกอบการ,ศึกษาหลักการทางด้านเศรษฐศาสตร์ การผลิต การกระจายและการบริโภคสินค้าและบริหาร เศรษฐศาสตร์ระดับจุลภาคและมหภาค รวมทั้งเรียนรู้การเป็นผู้ประกอบการ
90643020,96643020,นักพัฒนาธุรกิจสร้างสรรค์,ศึกษาแนวคิดเกี่ยวกับการเป็นผู้ประกอบการเชิงสร้างสรรค์ โดยใช้เทคโนโลยีและนวัตกรรมเป็นเครื่องมือสู่การเป็นผู้ประกอบการที่มีทักษะเชิงประยุกต์และสามารถส่งผ่านเทคโนโลยีและนวัตกรรม ให้เกิดเป็นธุรกิจเชิงสร้างสรรค์
90643021,96643021,ผู้ประกอบการสมัยใหม่,ศึกษาบทบาท ประเภทและคุณลักษณะของการเป็นผู้ประกอบการสมัยใหม่มีความรู้รอบด้านเกี่ยวกับธุรกิจ การจัดตั้งธุรกิจ องค์ประกอบของการแผนธุรกิจ กลยุทธ์ในการดำเนินการธุรกิจเพื่อเพิ่มโอกาสในการแข่งขัน การสร้างความแตกต่าง การสร้างเอกลักษณ์ให้องค์กร การมุ่งตอบสนองความต้องการของลูกค้า
90643022,96643022,ผู้ประกอบการทางสังคม,ศึกษาบทบาทการเป็นผู้ประกอบการที่มองเห็นปัญหาของสังคม หรือการเพิ่มคุณค่าด้านประกอบการในชุมชนท้องถิ่น และใช้หลักของผู้ประกอบการในการออกแบบ และจัดระบบทางธุรกิจเพื่อบรรลุเป้าหมายในการเปลี่ยนแปลงทางสังคมและการเพิ่มทุนทางสังคม ไม่เน้นกำไรส่วนบุคคล  พร้อมกับคิดค้นวิธีการใหม่ๆ ในการแก้ไขปัญหา เพื่อเปลี่ยนแปลงสังคมไปในทางที่ดีขึ้น
90643023,96643023,ผู้ประกอบการเทคโนโลยี,ศึกษากระบวนการในการเริ่มต้นเป็นผู้ประกอบการเทคโนโลยี กลยุทธ์สำหรับก่อตั้งและพัฒนาการลงทุนทางธุรกิจ การประเมินและการตระหนักถึงโอกาสของธุรกิจ การประสบความสำเร็จของผู้ประกอบการ การตลาดสำหรับการเป็นผู้ประกอบการ รูปแบบของการลงทุนแบบต่างๆ ที่สอดรับกับความก้าวหน้าทางเทคโนโลยี ศึกษากรณีตัวอย่างการริเริ่มธุรกิจด้านเทคโนโลยี
90643024,96643024,ฟาร์มสุข,ศึกษาธรรมชาติของการทำฟาร์มด้านผลิตพืช สัตว์และสัตว์น้ำ องค์ประกอบของการทำฟาร์ม การจัดการฟาร์ม การจัดการผลผลิตของฟาร์ม และประยุกต์ใช้การทำฟาร์มด้านการผลิตพืช สัตว์ และสัตว์น้ำ รวมทั้งด้านพัฒนาการเกษตรและนิเทศศาสตร์เกษตร เพื่อให้สอดคล้องกลมกลืนกับสภาพแวดล้อมในปัจจุบัน อย่างมีความสุข
90643025,96643025,เส้นทางสู่ IPO,ศึกษาความหมาย ความสำคัญ และหลักการเบื้องต้นของ IPO การเตรียมความพร้อมธุรกิจและการจัดโครงสร้างองค์กร การวางแผนค่าใช้จ่ายต่างๆ การจัดการบัญชี และกฎหมายที่เกี่ยวข้อง เพื่อเข้าตลาดหลักทรัพย์ หน้าที่และความรับผิดชอบของตำแหน่งต่างๆขององค์กร การบริหารความเสี่ยงองค์กร การจัดการความขัดแย้งทางผลประโยชน์เพื่อการบริหารงานเพื่อความโปร่งใสเพื่อเป็นองค์กรที่มีธรรมาภิบาล การวางเป้าหมายและการเขียน Road map การออกแบบแผนธุรกิจที่จะทำองค์กรเข้า IPO กระบวนการนำเข้า IPO
90643026,96643026,การวางแผนเพื่อการลงทุน,ศึกษาประเภทของการลงทุน ทฤษฎีการเงินที่ใช้เพื่อการลงทุน การบริหารความเสี่ยงในการลงทุน หลักการวิเคราะห์และการลงทุนเพื่อผลตอบแทนที่คุ้มค่า การคำนวณหาความคุ้มค่าในการลงทุน
90643027,96643027,มนุษย์ เงิน และคณิตศาสตร์,ศึกษาหลักการทางคณิตศาตร์ที่เกี่ยวข้องในการใช้ชีวิตประจำวัน การทำความเข้าใจ และการนำไปประยุกต์ให้ชีวิตมีความสุขและยั่งยืน โดยมุ่งเน้นความสัมพันธ์ ความสอดคล้องและความสมดุล ในด้านการบริหารจัดการ ด้านการใช้เงิน การออม และการลงทุนในสินทรัพย์ประเภทต่างๆ เช่น เงินฝาก พันธบัตร หุ้นกู้ หุ้นสามัญ ตลอดจนสินทรัพย์ประเภทอื่นๆ ตามความเหมาะสม และความถนัดของแต่ละบุคคล
90643028,96643028,มือใหม่ (หัด) เล่นหุ้น,ศึกษาความรู้เบื้องต้นและหลักการเกี่ยวกับการลงทุน ความรู้เรื่องตลาดหลักทรัพย์            การวางแผนทางการเงิน การลงทุนในตลาดหลักทรัพย์/ตลาดทุน ขั้นตอนการลงทุนและการบริหารพอร์ตการลงทุน การวิเคราะห์ปัจจัยพื้นฐานและปัจจัยทางเทคนิค ช่วงเวลาการลงทุนที่เหมาะสมและการตัดสินใจในผลตอบแทนจากหุ้น
90643029,96643029,เศรษฐกิจดิจิทัล,เรียนรู้หลักการทางเศรษฐศาสตร์เพื่อให้เข้าใจและสามารถอธิบายการขยายตัวเศรษฐกิจโลก รวมทั้งการประยุกต์ใช้ข้อมูลและเทคโนโลยีการสื่อสารเพื่อการวิเคราะห์ประเด็นต่างๆ ของเศรษฐกิจดิจิทัล
90643030,96643030,เศรษฐศาสตร์ทั่วไป และการศึกษาความเป็นไปได้ของโครงการ,ศึกษาความหมายและหลักทั่วไปของเศรษฐศาสตร์ว่าด้วยมูลค่า ราคา และการจัดสรรทรัพยากร ทฤษฎีเบื้องต้นเกี่ยวกับพฤติกรรมผู้บริโภคและผู้ผลิต ทฤษฎีเน้นปัจจัยต่าง ๆ ที่กำหนดอุปสงค์และอุปทานของสินค้า ศึกษาการกำหนดราคา และประสิทธิภาพของการใช้ทรัพยากรในตลาดที่มีการแข่งขันอย่างสมบูรณ์และไม่สมบูรณ์ ศึกษาเกี่ยวกับความหมายของความเป็นไปได้ของโครงการ ความสำคัญ การจัดทำ และขั้นตอนในการศึกษาถึงความเป็นไปได้ของโครงการ รายละเอียดของการวิเคราะห์ความเป็นไปได้ทางด้านต่างๆ ที่เกี่ยวข้องกับการดำเนินโครงการทั้งทางด้านการจัดการ การผลิต การตลาด การเงิน สภาพแวดล้อมที่มีผลกระทบต่อโครงการ
90643031,96643031,วิถีชีวิตตามแนวคิดเศรษฐกิจหมุนเวียนในศตวรรษที่ 21,การเรียนรู้คุณค่าธรรมชาติต่อการดำรงชีวิตของมนุษย์ในด้านการนำทรัพยากรมาใช้ประโยชน์ และการเป็นแหล่งรองรับและบำบัดมลพิษ ภาวะวิกฤติของปัญหาด้านทรัพยากร สถานการณ์ฉุกเฉินด้านสภาพภูมิอากาศและสิ่งแวดล้อม แนวคิดโดยตลอดวัฏจักรชีวิตและกระบวนการออกแบบธุรกิจภายใต้แนวคิด เศรษฐกิจหมุนเวียน นวัตกรรมโมเดลธุรกิจสู่เศรษฐกิจหมุนเวียนวิถีชิวิตภายใต้แนวคิดเศรษฐกิจหมุนเวียน ความตระหนักและแรงผลักดันสู่วิถีชีวิตภายใต้แนวคิดเศรษฐกิจหมุนเวียนและสังคมเศรษฐกิจหมุนเวียน
90643032,96643032,ปักหมุดเศรษฐกิจ,การฝึกทักษะการคิดอย่างมีวิจารณญาณและนำไปสู่การคิดเพื่อแก้ไขปัญหาภาวะวิกฤติของทรัพยากร ชีวภาพ พร้อมทั้งฝึกทักษะการคิดเชิงออกแบบและลงมือปฏิบัติในการพัฒนาเศรษฐกิจ 3 ด้าน ได้แก่เศรษฐกิจชีวภาพ เศรษฐกิจหมุนเวียน และเศรษฐกิจสีเขียว โดยด้านเศรษฐกิจชีวภาพเน้นการนำความรู้เทคโนโลยี และนวัตกรรม มาพัฒนาต่อยอดจากฐานความเข้มแข็งเดิม เพื่อเพิ่มมูลค่าให้กับสินค้าเกษตร ด้านเศรษฐกิจหมุนเวียนเน้นการนำทรัพยากรมาใช้ให้เกิดประโยชน์สูงสุดและคุ้มค่าที่สุด ที่สำคัญคือการมุ่งไปที่การลดปริมาณของเสียให้น้อยลงหรือเท่ากับศูนย์ ด้วยการปรับกระบวนการผลิต และด้านเศรษฐกิจสีเขียวเน้นการลดผลกระทบต่อโลกอย่างยั่งยืน โดยเฉพาะความยั่งยืนด้านสิ่งแวดล้อม
90643034,96643034,การจัดการกับความคิดสร้างสรรค์,การจัดการศิลปะเป็นกระบวนการหลังการผลิต (Post-Production) ซึ่งศิลปินหรือผู้สร้างสรรค์ จำเป็นที่ต้องนำความรู้ในศาสตร์และวิธีคิดในด้านการจัดการนี้มาใช้โดยมีวัตถุประสงค์เพื่อศึกษาและเข้าใจในการจัดการอย่างสร้างสรรค์ทั้งนี้เพื่อช่วย ให้กระบวนการผลิตงานสร้างสรรค์เป็นไปอย่างมีประสิทธิภาพ และเพื่อบรรลุเป้าหมายของการสื่อสารผลงานสร้างสรรค์ในกระบวนการหลังการผลิต
90643035,96643035,การจัดการความรู้เพื่อการพัฒนานวัตกรรม,เรียนรู้ความหมายและบทบาทของการจัดการความรู้ในการพัฒนานวัตกรรม กระบวนการจัดการความรู้ รูปแบบการจัดการความรู้ เครื่องมือที่ใช้ในการจัดการความรู้ ปัจจัยที่ส่งผลต่อการจัดการความรู้ การประยุกต์ใช้การจัดการความรู้ในบริบทต่างๆ หลักการของอภิมหาข้อมูล แนวคิดและประเภทของนวัตกรรมกระบวนการพัฒนานวัตกรรม และความสัมพันธ์ของการจัดการความรู้ นวัตกรรม และ การจัดการอภิมหาข้อมูล
90643036,96643036,การจัดการความรู้เพื่อการบริหารโครงการ,ศึกษาความหมายและความสำคัญของการจัดการความรู้ กระบวนการจัดการความรู้ รูปแบบการจัดการความรู้ เครื่องมือที่ใช้ในการจัดการความรู้ในการบริหารโครงการ แนวคิดการบริหารงานโครงการ วงจรชีวิตของโครงการ ประเภทของโครงการ ลักษณะของการทำงานโครงการ ปัจจัยที่ส่งผลต่อการจัดการความรู้ในโครงการ และการประยุกต์การจัดการความรู้ในบริบทของโครงการ
90643037,96643037,การบริหารงานภาครัฐและนโยบายสาธารณะในศตวรรษที่  21,การศึกษาแนวคิดและกรณีศึกษาของการบริหารงานภาครัฐและนโยบายสาธารณะในศตวรรษที่ 21 การนำเป้าหมายการพัฒนาที่ยั่งยืน (SDGs) มาปฏิบัติในส่วนราชการ รวมถึงการศึกษานโยบายสาธารณะที่ประสบความสำเร็จจากประเทศพัฒนาแล้ว เพื่อให้ทราบถึงปัจจัยและสิ่งกำหนดที่สำคัญของนโยบายสาธารณะสมัยใหม่และการบริหารงานภาครัฐในเชิงปฏิบัติ
90643038,96643038,ศัลยกรรมชีวิต,ศึกษาและปรับใช้แนวคิด ทฤษฎี และหลักการสำคัญที่เกี่ยวข้องกับการเปลี่ยนโฉม (Rebranding) เข้ากับการใช้ชีวิต การวิเคราะห์สภาพปัจจุบันและสภาพที่พึงประสงค์ของตนเองและปัจจัยภายนอก การพัฒนาคุณสมบัติ และภาพลักษณ์ส่วนบุคคลที่สอดคล้องกับเป้าหมายของตนเองและสังคม การดำรงตนให้เหมาะสมกับการเปลี่ยนแปลงและสถานการณ์ที่แตกต่าง
90643039,96643039,นวัตกรรม สจล.,แนวคิดการออกแบบและสร้างนวัตกรรม กระบวนการออกแบบและสร้างนวัตกรรมของ สจล. แนวทางการค้นคว้าวิจัย การออกแบบ การผลิตนวัตกรรมต้นแบบ การเผยแพร่ผลงานวิชาการให้เป็นที่ยอมรับ การนำผลงานวิชาการไปใช้ในเชิงพาณิชย์ หรือเพื่อสาธารณะประโยชน์
90643040,96643040,ผู้นำในฐานะโค้ช,นิยามของโค้ช บทบาทของโค้ช ความแตกต่างระหว่างโค้ชกับผู้สอน การกำหนดเป้าหมาย การรับฟังอย่างตั้งใจ การใช้คำถามที่ทรงพลัง การให้ข้อมูลป้อนกลับเชิงบวก เครื่องมือของการโค้ช การพัฒนาทีมงานด้วยการโค้ช
90643041,96643041,ธรรมาภิบาลสากล,ศึกษาทฤษฎี และแนวคิดธรรมาภิบาล ที่มา ความสำคัญ กระบวนการ กลไกต่างๆ และแนวทางที่ถูกนำไปใช้ในบริบทที่แตกต่างกัน ทั้งในระดับประเทศ และระดับสากล รวมทั้ง การนำไปประยุกต์ใช้ในมิติภาครัฐและเอกชน
90643042,96 643042,ฮาร์ดเพาเวอร์และซอฟท์เพาเวอร์,ศึกษาแนวคิดและทฤษฎีของ Hard Power และ Soft Power ภูมิหลังความเป็นมา ความสำคัญ รูปแบบ การใช้งาน พร้อมตัวอย่างในบริบทโลกที่สำคัญต่างๆ รวมทั้ง ประโยชน์และข้อจำกัดของการใช้ แนวทางการประยุกต์ใช้สำหรับอนาคต
90643043,96643043,ธุรกิจดนตรี,ศึกษาธุรกิจดนตรี ตั้งแต่ก่อกำเนิดผ่านนวัตกรรมการผลิตสื่อและสิ่งบันทึกเสียงที่เปลี่ยนแปลงไปจนถึงปัจจุบัน การบริหารค่ายเพลงในยุคดิจิทัล อนาคตของธุรกิจดนตรีและการปรับตัว รวมถึงกฎหมายลิขสิทธิ์ที่เกี่ยวข้อง
90643044,96643044,ลีนสตาร์ทอัพและแนวคิดธุรกิจแบบคล่องตัว,ศึกษาโครงสร้างและคุณลักษณะเฉพาะของไมโครคอมพิวเตอร์ เทคนิคการประยุกต์ใช้เทคโนโลยีไมโครคอมพิวเตอร์ การใช้ซอฟท์แวร์ที่จำเป็นต่างๆ ในตระกูลไมโครซอฟท์ และระบบการจัดการฐานข้อมูล เป็นต้น รวมทั้งเรียนรู้เทคโนโลยียุคปัจจุบันรวมถึงแนวโน้มของการใช้ไมโครคอมพิวเตอร์สำหรับอนาคต
90643045,96643045,การจัดการนวัตกรรม,ศึกษากระบวนการคิดเชิงนวัตกรรมและการปฏิบัติในการบริหารจัดการนวัตกรรม โดยฝึกให้เรียนรู้ในหัวข้อการจัดการองค์กร การวางแผนกลยุทธ์ การพัฒนานโยบาย ชุมชน การวิจัยและพัฒนา รวมทั้งการจัดการผลิตภัณฑ์  ฝึกคิดวิเคราะห์ประเด็นที่ท้าทายต่อการบริหารจัดการองค์กร เรียนรู้แนวปฏิบัติที่ดีจากผู้เชี่ยวชาญหรือผู้มีประสบการณ์การบริหารจัดการเชิงนวัตกรรม
90644001,96644001,ปฏิบัติงานตามทักษะด้านการสื่อสาร 1,เป็นการปฏิบัติงาน หรือการฝึกงาน หรือการฝึกอบรม หรือกิจกรรมอื่นๆ ที่สื่อให้เห็นถึงการดำเนินการที่เกี่ยวกับการพัฒนาทักษะด้านภาษาและการสื่อสารโดยมีเวลาดำเนินการไม่น้อยกว่า 15 ชั่วโมง
90644002,96644002,ปฏิบัติงานตามทักษะด้านการสื่อสาร 2,เป็นการปฏิบัติงาน หรือการฝึกงาน หรือการฝึกอบรม หรือกิจกรรมอื่นๆ ที่สื่อให้เห็นถึงการดำเนินการที่เกี่ยวกับการพัฒนาทักษะด้านภาษาและการสื่อสารโดยมีเวลาดำเนินการไม่น้อยกว่า 30 ชั่วโมง
90644003,96644003,ปฏิบัติงานตามทักษะด้านการสื่อสาร 3,เป็นการปฏิบัติงาน หรือการฝึกงาน หรือการฝึกอบรม หรือกิจกรรมอื่นๆ ที่สื่อให้เห็นถึงการดำเนินการที่เกี่ยวกับการพัฒนาทักษะด้านภาษาและการสื่อสารโดยมีเวลาดำเนินการไม่น้อยกว่า 45 ชั่วโมง
90644007,-,ภาษาอังกฤษพื้นฐาน 1,ฝึกการใช้ทักษะทั้งสี่ของภาษาอังกฤษ ได้แก่ การฟัง การพูด การอ่าน และการอ่านเขียน เพื่อใช้ใน ชีวิตประจำวันและเพื่อการศึกษาในระดับที่สูงขึ้น ผู้เรียนควรผ่านระดับ A2 หรือสูงกว่า ของกรอบอ้างอิงความสามารถทาง ภาษาของสภายุโรป (Common European Framework of Reference for Languages- CEFR)
90644008,-,ภาษาอังกฤษพื้นฐาน 2,ฝึกการใช้ทักษะทั้งสี่ของภาษาอังกฤษ ได้แก่ การฟัง การพูด การอ่าน และการอ่านเขียน ในบริบทและ สถานการณ์ที่หลากหลายยิ่งขึ้น เพื่อใช้ในชีวิตประจำวันและเพื่อการศึกษาในระดับที่สูงขึ้น ผู้เรียนควรผ่านระดับ B1 หรือ สูงกว่า ของกรอบอ้างอิงความสามารถทางภาษาของสภายุโรป (Common European Framework of Reference for Languages-CEFR)
90644009,96644009,การออกเสียงภาษาอังกฤษเบื้องต้น,ศึกษาและฝึกฝนระบบเสียงและระดับเสียงในภาษาอังกฤษ โดยเน้นสัทอักษรในระบบเสียงภาษาอังกฤษ การออกเสียงสระและพยัญชนะ การเน้นเสียงในระดับคำและระดับประโยค และสำเนียงภาษาอังกฤษในปัจจุบัน
90644010,96644010,การพัฒนาทักษะการอ่านและการเขียนภาษาอังกฤษ,ศึกษาวิธีการอ่านอย่างมีประสิทธิภาพ การอ่านจับใจความ การอ่านหนังสือพิมพ์ การอ่านเพื่อแปลใจความ การพัฒนาทักษะการเขียน โดยเน้นการเขียนที่ถูกรูปแบบทางภาษาและไวยากรณ์ ฝึกการเขียนที่จะนำไปใช้ประโยชน์ทั้งทางด้านการศึกษาและอาชีพ เช่น การเขียนจดหมาย การกรอกใบสมัคร การเขียนรายงาน เป็นต้น
90644011,96644011,ภาษาอังกฤษเชิงวิชาการ,พัฒนาทักษะทางภาษาอังกฤษและการเรียนเชิงวิชาการที่เกี่ยวข้องกับความสนใจของตนเอง โดยเน้นการฟังบรรยาย การมีส่วนร่วมในการอภิปรายกลุ่ม การนำเสนอผลงาน การอ่านและเขียนข้อเขียนเชิงวิชาการ
90644012,96644012,ภาษาอังกฤษเพื่อการสื่อสาร,ฝึกฟัง พูด อ่านและเขียน ภาษาอังกฤษ ในบริบทที่เกี่ยวข้องกับการสื่อสาร การทักทาย การนัดหมาย การสนทนาในชีวิตประจำวัน การเจรจาต่อรอง การนำเสนองาน การแสดงความคิดเห็น การอ่านจับใจความสำคัญจากสื่อต่างๆ การเขียนเพื่อการสื่อสารในรูปแบบอีเมล์
90644013,96644013,การเขียนภาษาอังกฤษเพื่อการสื่อสาร,ศึกษาและฝึกการเขียนเพื่อการสื่อสารอย่างมีประสิทธิภาพในบริบทต่าง ๆ โดยเน้นการฝึกการเขียนจดหมาย ในลักษณะต่าง ๆ เขียนรายงาน คำสั่ง คู่มือ และกระบวนการต่าง รวมทั้งการเขียนบรรยายสิ่งของ สถานที่ และเหตุการณ์
90644014,96644014,ภาษาอังกฤษเพื่อการสื่อสารทางวิชาชีพ,เรียนรู้และฝึกทักษะภาษาอังกฤษที่ใช้ในการติดต่อสื่อสาร โดยเน้นทักษะในการฟังและการพูดในโอกาสต่าง ๆ รวมทั้งพัฒนาทักษะการสนทนา การอภิปราย การแสดงความคิดเห็น การกล่าวสุนทรพจน์ และการเสนอผลงานทางวิชาชีพต่อที่ประชุม
90644015,96644015,ภาษาอังกฤษเพื่อการศึกษาต่อ,ศึกษาและฝึกการใช้ภาษาอังกฤษเพื่อการศึกษาต่อในระดับบัณฑิต โดยเน้นฝึกการอ่านข้อเขียนทางวิชาการ การย่อความ การฟัง และการเขียนโน้ตย่อ รวมทั้งฝึกทำข้อทดสอบทางภาษาอังกฤษในรูปแบบต่างๆ
90644016,96644016,อังกฤษเพื่ออุตสาหกรรม,ศึกษาและฝึกใช้ภาษาอังกฤษในวงการอุตสาหกรรมในรูปแบบต่างๆ เช่น การบรรยายกระบวนการผลิต การอธิบายการใช้อุปกรณ์ หรือการทำงานของเครื่องจักร การอธิบายความปลอดภัยในที่ทำงาน การเขียนป้ายเตือนอันตราย การเขียนคำสั่ง การฝึกฝนทักษะการสื่อสารทั้งการพูดและการเขียนในที่ทำงาน
90644017,96644017,ภาษาอังกฤษสำหรับธุรกิจ,ศึกษาและฝึกการใช้ภาษาอังกฤษเพื่อการสื่อสารทางธุรกิจ โดยเน้นความเข้าใจในการอ่านข้อเขียนทางธุรกิจประเภทต่าง ๆ การใช้ศัพท์ สำนวน และภาษาในเชิงธุรกิจ การเขียนจดหมายบันทึกช่วยจำ รวมทั้งการฝึกฟังและพูดในสถานการณ์ต่าง ๆ ทางธุรกิจ
90644018,96644018,ภาษาอังกฤษเพื่อการตลาด,ศึกษาและฝึกใช้โครงสร้างภาษา คำศัพท์และสำนวนจากบริบทที่เกี่ยวกับการตลาดซึ่งคัดเลือกเนื้อหาด้านการตลาดที่เป็นเนื้อหาจริงมาให้ฝึก โดยเน้นทักษะการอ่านเพื่อความเข้าใจพร้อมทั้งประยุกต์ความรู้ที่ได้ศึกษามา
90644019,96644019,ภาษาอังกฤษเพื่อการจัดการ,ศึกษาและฝึกใช้โครงสร้างภาษา คำศัพท์และสำนวนจากบริบทที่เกี่ยวกับการจัดการซึ่งคัดเลือกเนื้อหาด้านการจัดการที่เป็นเนื้อหาจริงมาให้ฝึก โดยเน้นทักษะการอ่านเพื่อความเข้าใจพร้อมทั้งประยุกต์ความรู้ที่ได้ศึกษามา
90644020,96644020,ภาษาอังกฤษเพื่อความเข้าใจข่าวสาร,ศึกษาภาษาอังกฤษในสื่อสารมวลชนรูปแบบต่างๆ เช่นหนังสือพิมพ์ นิตยาสาร โฆษณา เว็บไซต์ รายการวิทยุและโทรทัศน์ เพื่อเข้าใจข่าวสารและเนื้อหา
90644022,96644022,ภาษาอังกฤษสำหรับมืออาชีพ,การพัฒนาทักษะทางภาษาที่จำเป็นสำหรับจุดประสงค์ทางวิชาชีพ: การอ่าน คู่มือและสัญญาณทางเทคนิค การเขียนและการวิจัยเชิงวิชาการการเขียนจดหมายสมัครงานประวัติย่อบันทึกช่วยจำรายงานบทคัดย่ออีเมลการเรียกประชุมรายงานการประชุมและการดำเนินการ ฝึกการสัมภาษณ์การอภิปรายงานและการนำเสนองาน
90644023,96644023,ภาษาอังกฤษเพื่อเตรียมตัวทำงาน,พัฒนาทักษะการใช้ภาษาอังกฤษที่จำเป็นต่อการปฏิบัติงาน เช่น การอ่านคู่มือ เครื่องหมายสัญลักษณ์ที่ใช้ในงานอาชีพ การเขียนจดหมายสมัครงาน การเขียนประวัติย่อ บันทึกข้อความ บทคัดย่อ รายงาน จดหมายอิเล็กทรอนิกส์ จดหมายเชิญประชุม บันทึกและรายงานการประชุม รวมทั้งฝึกการสัมภาษณ์ การอภิปรายต่อที่ประชุม และการนำเสนอผลงาน
90644024,96644024,ภาษาอังกฤษเพื่อการท่องเที่ยวและการเดินทาง,ศึกษาคำศัพท์และการใช้ภาษาเกี่ยวกับการเดินทาง ธุรกิจการท่องเที่ยว การโรงแรม ร้านอาหาร สนามบินฯลฯ พร้อมทั้งฝึกทักษะการฟัง การพูด การอ่านและการเขียนในปริบทดังกล่าว เช่น การทักทาย การต้อนรับ การเดินทาง การแนะนำสถานที่ท่องเที่ยว การวางแผน  การหาและสอบถามข้อมูลการเดินทาง การถามทาง การผ่านด่านตรวจคนเข้าเมืองและศุลกากร ตลอดจนความรู้ทั่วไปในด้านการท่องเที่ยวและการเดินทาง
90644025,96644025,ภาษาอังกฤษเพื่อการสื่อสารในงานสถาปัตยกรรม,ศึกษาความหมายและโครงสร้างของภาษาอังกฤษเพื่อการสื่อสารเพื่อนำไปใช้ในการนำเสนอผลงานทางสถาปัตยกรรม
90644026,96644026,ภาษาอังกฤษเพื่อการนำเสนอในงานสถาปัตยกรรม,ศึกษาเทคนิคการใช้ภาษาอังกฤษขั้นสูงสำหรับการอ่านและการวิเคราะห์ข้อมูลจากกรณีศึกษาและศึกษาวิธีการนำเสนอรวมทั้งการวิพากษ์งาน การสรุปเนื้องาน ฝึกปฎิบัติในการนำเสนอผลงานโดยการอ่านและสรุปเนื้อหาเพื่อใช้สำหรับนำเสนอ
90644027,96644027,ภาษาอังกฤษสำหรับการเขียนพรรณา,วิชานี้ส่งเสริมให้มีการพัฒนากลยุทธ์เพื่อการเขียนเนื้อเรื่องที่เขียนขึ้นมีความชัดเจน วิชานี้ยังเปิดโอกาสให้นักเรียนได้เรียนรู้และทำความเข้าใจองค์ประกอบพื้นฐาน 5 ประการในการเขียนเรื่อง คือ ตัวละคร ฉากหลัง เนื่อหา ความขัดแย้ง และการแก้ปัญหา นักเรียนสามารถแลกเปลี่ยนความคิด จินตนาการ และเรียนรู้ที่จะผสมผสานองค์ประกอบพื้นฐานเหล่านี้เข้าด้วยกัน
90644028,96644028,ภาษาอังกฤษเพื่อการออกแบบ,ศึกษาคำศัพท์ โครงสร้างประโยคและการใช้ภาษาอังกฤษเพื่อการออกแบบ รวมถึงการพัฒนาและเสริมสร้างทักษะการสื่อสารเพื่อการศึกษาและการทำงานทางด้านการออกแบบ
90644029,96644029,ภาษาอังกฤษสำหรับวิชาชีพสุขภาพ,เรียนรู้และฝึกการใช้ภาษาอังกฤษในบริบทของอาชีพแพทย์ศาสตร์ในการสื่อสารเชิงวิชาการ ที่มาของคำศัพท์ทางการแพทย์ที่ควรต้องรู้ รากศัพท์ คำอุปสรรค (prefix) และคำปัจจัย (suffix) ที่ใช้กับคำศัพท์ทางการแพทย์ ภาษาอังกฤษเพื่อการสื่อสาร การโต้ตอบในวงการแพทย์ การเขียนในงานอาชีพแพทย์ประกอบไปด้วย ใบประกอบวิชาชีพ เอกสารทางการแพทย์ เอกสารงานวิชาการ ฝึกการอ่านงานวิจัย ตำรา และบทความทางการแพทย์โดยใช้ทักษะการประเมินและตรวจสอบอย่างเป็นระบบ
90644030,96644030,ภาษาอังกฤษเพื่อการประชาสัมพันธ์,เรียนรู้และฝึกทักษะการใช้ภาษาอังกฤษทั้ง 4 ทักษะเพื่อการประชาสัมพันธ์ อาทิ การฟังบรีฟงาน การใช้ศัพท์เฉพาะ สำนวน การเขียนข่าว และการนำเสนอโครงงาน เป็นต้น
90644031,96644031,ภาษาอังกฤษสำหรับวิทยาศาสตร์และเทคโนโลยี,เรียนรู้และฝึกทักษะการสื่อสารทางภาษาอังกฤษทั้ง 4 ทักษะ โดยเน้นเนื้อหาเกี่ยวกับวิทยาศาสตร์และเทคโนโลยี รวมถึงการศึกษาคำศัพท์ โครงสร้างประโยค และลักษณะของภาษาอังกฤษเพื่อวิทยาศาสตร์และเทคโนโลยี ผ่านสื่อต่างๆ และบทคัดย่อ รายงานการวิจัย บทความวิจัย โปสเตอร์นำเสนองานวิจัย บทความในวารสาร
90644032,96644032,ภาษาอังกฤษสำหรับการบิน,การศึกษาและฝึกปฏิบัติในการใช้ภาษาอังกฤษสำหรับอุตสาหกรรมการบิน ประกอบด้วย ศัพท์ทางเทคนิคเฉพาะทางสำหรับนักบิน ลูกเรือที่ให้บริการบนเครื่องบิน ลูกเรือที่ให้บริการภาคพื้น วิศวกรอากาศยาน ผู้ให้บริการเที่ยวบิน ผู้ควบคุมการจราจรทางอากาศ ผู้ให้บริการโลจิสติกส์การบิน
90644033,96644033,การเขียนและการพูดในงานอาชีพ,พัฒนาทักษะการเขียนและการพูดเกี่ยวกับสาขางานอาชีพ เช่น การเขียนจดหมายธุรกิจ โทรสารบันทึกข้อความ จดหมายไม่เป็นทางการ จดหมายอิเล็กทรอนิกส์ คู่มือ หรือรายงานประจำวัน การมีส่วนร่วมในการประชุม การนำเสนอผลงาน และการใช้ภาษาอังกฤษในปริบทของการทำงาน
90644034,96644034,การเขียนทางเทคนิค,การพัฒนาภาษาและทักษะภาษาอังกฤษในการเขียนทางเทคนิค ประกอบด้วย การใช้ภาษาอังกฤษเพื่อเขียนอธิบายถึง ความหมาย เปรียบเทียบ แบ่งประเภท วัตถุประสงค์ หน้าที่ ขั้นตอนกระบวนการ อธิบายเหตุและผล
90644035,96644035,การอ่านและเขียนเชิงวิชาการสำหรับวิทยาศาสตร์สุขภาพ,ศึกษาหลักการอ่านอย่างมีวิจารณญาณ ทักษะการอ่านเชิงวิชาการ ฝึกพัฒนาอัตราเร็วในการอ่าน การใช้กลวิธีต่างๆ ในการอ่านเพื่อความเข้าใจ และตีความสำหรับบริบทที่แตกต่างกัน การฝึกการเขียนโดยเน้นการให้เหตุและผล เน้นฝึกเขียนสื่อความชัดเจนในประเด็นต่างๆ ฝึกการเขียนทั้งส่วนขึ้นต้น เนื้อหา บทสรุป เรียนรู้รูปแบบการเขียนต่างๆ และฝึกกระบวนการกลั่นกรองและปรับปรุงเนื้อหาโดยให้ผู้เรียนสลับกัน (peer review)
90644036,96644036,การพัฒนาทักษะทางภาษาอังกฤษเพื่อการเรียนรู้ตลอดชีวิต,เรียนรู้และพัฒนาทักษะทางภาษาอังกฤษทั้ง 4 ทักษะโดยเน้นเนื้อหาตามความสนใจของผู้เรียนแต่ละคนผ่านกิจกรรมการเรียนรู้ทางภาษาแบบอิสระ ทั้งในและนอกชั้นเรียนเพื่อส่งเสริมทักษะการเรียนรู้ภาษาอังกฤษตลอดชีวิตด้วยตนเอง
90644037,96644037,การสื่อสารข้ามวัฒนธรรม,ศึกษาความแตกต่างและความเหมือนในการสื่อสารข้ามวัฒนธรรมด้วยวิธีการเปรียบเทียบมิติของวัฒนธรรม เชื้อชาติ และศาสนา เพื่อเข้าใจในความแตกต่างทางวัฒนธรรมในด้านพฤติกรรมการสื่อสารและแรงจูงใจและฝึกฝนการสื่อสารกับผู้ที่มาจากวัฒนธรรมที่แตกต่าง เพื่อให้เข้าใจถึงพฤติกรรมการสื่อสารแรงจูงใจ วัฒนธรรมสัมพัทธ์ วัจนภาษาและอวัจนภาษาที่เกิดขึ้นจากความหลากหลายของวัฒนธรรม รวมถึง ฝึกการสื่อสารกับผู้ที่มาจากต่างวัฒนธรรม
90644039,96644039,ทักษะการสื่อสารผ่านการอภิปราย,เรียนรู้พื้นฐานของการอภิปราย และทักษะการโต้แย้ง ที่จะมีประโยชน์ต่อการศึกษา การประกอบอาชีพ และอื่น ๆ ซึ่งนักศึกษาจะได้พัฒนาการนำเสนอ การโต้แย้ง การคิดเชิงวิพากษ์ การทำงานร่วมกัน และทักษะด้านข้อมูล ที่จะทำให้นักศึกษามีความรู้รอบตัว และพัฒนาความมั่นใจในตนเอง ผ่านกิจกรรมการอภิปรายกลุ่ม
90644040,96644040,ทักษะการสื่อสารผ่านละคร,"ฝึกทักษะการสื่อสารผ่านละคร ศึกษาการพัฒนาคำศัพท์พื้นฐานในการแสดงด้วยเทคนิคต่างๆ การเปล่งเสียงของนักแสดง จินตนาการ การจัดระเบียบร่างกาย การทำงานร่วมกับผู้อื่นในการสร้างตัวละคร บทบาท และสถานการณ์สมมติ  """"ละคร"""" สามารถนำมาใช้เพื่อส่งเสริมกระบวนการจัดการเรียนรู้ที่ผู้เรียนได้ลงมือกระทำ (active learning) ผ่านการฝึกปฏิบัติ และพัฒนาการของตัวละคร ซึ่งจะทำให้นักศึกษามีทักษะการพูด และการสื่อสารที่ดี"
90644041,96644041,ภาษาอังกฤษจากสื่อบันเทิง,การศึกษาเชิงวิเคราะห์ภาษาอังกฤษและวัฒนธรรมตะวันตก ผ่านสื่อบันเทิง ได้แก่ เพลง ภาพยนตร์ นิตยสาร และโฆษณาทางโทรทัศน์ โดยเน้นที่รูปแบบของภาษา คำศัพท์ สำนวนและแสลงที่ใช้ในการสื่อสารภาษาอังกฤษในชีวิตประจำวัน
90644042,96644042,การสื่อสารและการนำเสนออย่างมืออาชีพ,ทักษะการวิเคราะห์ข้อมูลและประเมินสถานการณ์เพื่อกลั่นกรอง ให้ได้ประเด็นที่ต้องการนำเสนอ การเลือกใช้สื่อ วิธี และเทคนิคในการนำเสนอ การเลือกใช้ภาษา ถ้อยคำ และบุคลิกภาพที่เหมาะสมกับบริบทต่างๆ
90644043,96644043,การพูดในที่สาธารณะ,เรียนรู้และฝึกทักษะการพูดในที่สาธารณะ โดยศึกษาเทคนิคการลดความวิตกกังวล และการใช้สื่อโสตทัศนูปกรณ์เพื่อส่งเสริมการนำเสนอ โดยนักศึกษาจะได้รับการพัฒนาและเสริมสร้างทักษะในการนำเสนอในที่สาธารณะได้อย่างหลากหลายสถานการณ์
90644044,96644044,พูดได้ พูดดี พูดเป็น,ศึกษากระบวนการการสื่อสารของมนุษย์ ฝึกการใช้วัจนภาษาและอวัจนภาษาในการสื่อสาร หลักการเตรียมการพูดในสถานการณ์ต่าง ๆ การแก้ไขความวิตกกังวลในการพูด รวมทั้งเรียนรู้เทคนิคการใช้เสียง ท่าทางและบุคลิกภาพที่เหมาะสม เพื่อการพูดที่มีประสิทธิภาพ
90644045,96644045,การค้นคว้าและการเขียนรายงาน,เรียนรู้และฝึกการค้นคว้าข้อมูล การทำวิจัยเบื้องต้น การเขียนรายงานและบทความวิชาการโดยเน้นการใช้ภาษาวิชาการ และวิธีการเผยแพร่ผลงานวิชาการผ่านทางวารสารและการประชุมวิชาการ
90644046,96644046,การฟังและการอ่านเพื่อพัฒนาคุณภาพชีวิต,ศึกษาหลักการรับสารอย่างมีวิจารณญาณ รู้เท่าทันสื่อและการสื่อสาร ฝึกทักษะการฟังและการอ่านเพื่อพัฒนาคุณภาพชีวิต ให้เกิดความรอบรู้ มีประสบการณ์และสร้างจินตนาการ การพัฒนาความสามารถในการจับใจความสำคัญ การสรุปประเด็น การวิเคราะห์และประเมินค่าสารทั้งสาระความรู้และบันเทิงคดี
90644047,96644047,การพัฒนาทักษะการเขียนภาษาไทยเชิงสร้างสรรค์,ฝึกฝนและพัฒนาความสามารถทางการเขียนเชิงสร้างสรรค์ การถ่ายทอดความรู้ ความคิดและจินตนาการออกมาเป็นลายลักษณ์อักษร การเลือกสรรถ้อยคำได้อย่างสละสลวย ถูกต้อง และเหมาะสมกับ      รูปแบบงานเขียน รวมทั้งสามารถแก้ไขข้อบกพร่องทางการเขียนได้ด้วยตนเอง
90644048,96644048,ภาษาในสังคมไทย,ศึกษาโครงสร้างของภาษาที่ใช้ในสังคมไทย โครงสร้างของสังคมไทยความสัมพันธ์ของภาษากับสังคม การเปลี่ยนแปลงของภาษาอันเนื่องมาจากสภาพของสังคมและภูมิศาสตร์ การพัฒนาภาษากับการพัฒนาประเทศ ได้แก่ บ้านพักอาศัย วัด และวัง การเกิดการพัฒนาของชุมชนและเมืองโบราณ
90644049,96644049,ภาษาไทยเพื่อการสร้างสรรค์,ศึกษาหลักการใช้ภาษาไทยเพื่อการสื่อสารอย่างมีประสิทธิภาพ ฝึกทักษะที่ใช้การสื่อสาร ได้แก่    ทักษะการฟัง การพูด การอ่าน การเขียนและการคิดเชิงสร้างสรรค์
90644050,96644050,การเขียนภาษาไทยในที่ทำงาน,ศึกษาหลักเกณฑ์ รูปแบบและวิธีการเขียนงานเอกสารภาษาไทยประเภทต่างๆ ที่ใช้ทั่วไปในที่ทำงาน การใช้ภาษาที่ถูกต้องและเหมาะสมกับประเภทของเอกสาร ฝึกการเขียนเอกสารในระบบการทำงานสำนักงาน
90644051,96644051,ภาษาไทยสำหรับทันตแพทย์,ภาษาไทยเพื่อการสื่อสารทางวิชาการ เช่น การซักประวัติ การนำเสนอแผนการรักษา การสอนสุขอนามัยช่องปาก คำแนะนำหลังการผ่าตัด
90644052,96644052,ศิลปะการสื่อสารสำหรับมืออาชีพด้านอาหาร,ฝึกการใช้ภาษาไทยในบริบทของธุรกิจอุตสาหกรรมอาหาร โดยเรียนรู้หลักการสื่อสารทั้งวัจนภาษาและอวัจนภาษา ความสำคัญของการสื่อสารในธุรกิจอุตสาหกรรมอาหาร ฝึกทักษะการฟังและการแสดงความคิดเห็นเชิงรุก การสื่อสารในโซเชียลเนตเวิร์คและการสร้างประสบการณ์การใช้ภาษาแบบสร้างสรรค์ในสถานการณ์เผชิญหน้าระหว่างผู้สนทนา (constructive confrontation) รวมทั้งการสื่อสารกับสื่อต่างๆ
90644053,96644053,การฟังและการพูดภาษาจีนพื้นฐาน,ศึกษาเกี่ยวกับคำศัพท์และสำนวน รวมทั้งการใช้ภาษาจีนเพื่อใช้ในชีวิตประจำวัน  โดยมุ่งเน้นทักษะการฟังและการพูด
90644054,96644054,การอ่านและเขียนภาษาจีนพื้นฐาน,ศึกษาเกี่ยวกับคำศัพท์และสำนวน รวมทั้งการใช้ภาษาจีนเพื่อใช้ในชีวิตประจำวัน  โดยมุ่งเน้นทักษะการอ่านและการเขียน
90644055,96644055,ไวยากรณ์ภาษาจีนพื้นฐาน และสำนวนและสุภาษิตภาษาจีน,ศึกษาไวยากรณ์ภาษาจีนตั้งแต่ระดับหน่วยคำ วลี และประโยค รวมถึงโครงสร้างประโยค สำนวนและสุภาษิตภาษาจีน
90644056,96644056,วัฒนธรรม สำนวนและสุภาษิตจีน,ศึกษาความรู้เบื้องต้นเกี่ยวกับวัฒนธรรม ประเพณีและมารยาทจีน ความแตกต่างระหว่างวัฒนธรรมไทยจีน และพื้นฐานที่มา ความหมาย คติ แนวคิดและการใช้สำนวนและสุภาษิตจีนในชีวิตประจำวัน
90644057,96644057,ภาษาจีนเพื่อการสื่อสาร,ฝึกทักษะการใช้ภาษาจีน โดยเน้นทักษะการฟังและการพูดเพื่อการสื่อสารในชีวิตประจำวัน และเสริมสร้างความเข้าใจด้านสังคมและวัฒนธรรมระหว่างไทยและจีน ผลลัพธ์การเรียนรู้ของรายวิชานี้คือสามารถพูดภาษาจีนได้
90644058,96644058,ภาษาจีนฉบับแฟนด้อม,ศึกษาวัฒนธรรมแฟนคลับชาวจีน และโครงสร้าง และหลักไวยากรณ์ภาษาจีนเบื้องต้นจากสื่อต่างๆ ภาพยนตร์ และโทรศัพท์ คำศัพท์ และสำนวนในภาพยนตร์ที่สามารถนำมาประยุกต์ใช้ในชีวิตประจำวันได้
90644059,96644059,ภาษาจีนเพื่อการท่องเที่ยว,ฝึกการใช้คำศัพท์ สำนวน การใช้ภาษาจีนเชิงท่องเที่ยว การสนทนาในสถานการณ์ต่างๆ ระหว่างการเดินทาง  รวมทั้ง การสื่อสารข้ามวัฒนธรรม
90644060,96644060,ภาษาเยอรมันเพื่อการสื่อสาร,การพัฒนาทักษะภาษาเยอรมันที่จำเป็นสำหรับการสื่อสารขั้นพื้นฐาน นักเรียนจะได้รับการแนะนำให้รู้จักกับตัวอักษรและตัวเลขภาษาเยอรมันในช่วงเริ่มต้นของหลักสูตร จากนั้นจึงเปลี่ยนไปใช้การคำแนะนำตนเองและภูมิหลังส่วนตัว ส่วนที่เหลือของหลักสูตรจะเป็นส่วนของคำศัพท์ในชีวิตประจำวันของนักเรียนด้วยรูปศัพท์ปัจจุบันและอดีต การแสดงบทบาทสมมติและรูปแบบบทสนทนาในชีวิตประจำวันของกิจกรรมในชั้นเรียนเพื่อสร้างความมั่นใจของนักเรียนในการใช้ภาษาเยอรมัน
90644061,96644061,ภาษาเยอรมันเพื่อการทำงานและธุรกิจ,สร้างทักษะด้านคำศัพท์และไวยากรณ์ในภาษาเยอรมันที่ใช้ในตำแหน่งงานและธุรกิจที่แตกต่างกันให้ความสนใจเป็นพิเศษกับคำศัพท์เกี่ยวกับสถานการณ์การทำงานเพื่อสร้างความมั่นใจของนักเรียนในการใช้ภาษาเยอรมัน มีการแนะนำอดีตกาลร่วมกับกริยาช่วยเพิ่มเติม ทักษะการสนทนาได้รับการพัฒนาโดยการสำรวจคำคุณศัพท์และสร้างคำอธิบายอย่างง่ายเกี่ยวกับตำแหน่งงานในธุรกิจที่แตกต่างกัน
90644062,96644062,ภาษาญี่ปุ่นเพื่อการสื่อสาร,ศึกษาและฝึกทักษะการใช้ภาษาญี่ปุ่น โดยเน้นทักษะการฟังและการพูดเพื่อการสื่อสารในชีวิตประจำวัน และเสริมสร้างความเข้าใจด้านสังคมและวัฒนธรรมระหว่างไทยและญี่ปุ่น ผลลัพธ์การเรียนรู้ของรายวิชานี้คือสามารถพูดภาษาญี่ปุ่นได้
90644063,96644063,ภาษาญี่ปุ่นเพื่อการท่องเที่ยว,ฝึกการใช้คำศัพท์ สำนวน การใช้ภาษาญี่ปุ่นเชิงท่องเที่ยว การสนทนาในสถานการณ์ต่างๆ ระหว่างการเดินทาง  รวมทั้ง การสื่อสารข้ามวัฒนธรรม
90644064,96644064,ภาษาเกาหลีเพื่อการท่องเที่ยว,ฝึกการใช้คำศัพท์ สำนวน การใช้ภาษาเกาหลีเชิงท่องเที่ยว การสนทนาในสถานการณ์ต่างๆ ระหว่างการเดินทาง  รวมทั้ง การสื่อสารข้ามวัฒนธรรม
90644065,96644065,ภาษาเวียดนามเพื่อการท่องเที่ยว,ฝึกการใช้คำศัพท์ สำนวน การใช้ภาษาเวียดนามเชิงท่องเที่ยว การสนทนาในสถานการณ์ต่างๆ ระหว่างการเดินทาง  รวมทั้ง การสื่อสารข้ามวัฒนธรรม
90644066,96644066,ภาษามาเลย์เพื่อการท่องเที่ยว,ฝึกการใช้คำศัพท์ สำนวน การใช้ภาษามาเลย์เชิงท่องเที่ยว การสนทนาในสถานการณ์ต่างๆ ระหว่างการเดินทาง  รวมทั้ง การสื่อสารข้ามวัฒนธรรม
90644067,96644067,สนทนาภาษาจีนเพื่อไอที,การเรียนรู้และฝึกฝนบทสนทนาภาษาจีนในการทำงานที่เกี่ยงข้อง IT ผ่านสถานการณ์จำลอง ผู้เรียนได้สัมผัสคำศัพท์ วลี รวมถึงประโยคต่าง ๆ ของภาษาจีน ที่เกี่ยวข้องกับ IT ได้แก่ การใช้คอมพิวเตอร์ด้วยภาษาจีน การ Install และ Uninstall ซอฟต์แวร์ การเข้าถึงแพลตฟอร์มจีน การใช้ Search Engine การซื้อสินค้าทางอินเตอร์เน็ต การเปิดร้านค้าออนไลน์ ซึ่งผู้เรียนจะได้ฝึกฝนทักษะในการฟัง การพูดภาษาจีน และเกิดความเข้าใจในเนื้อหาสำหรับการสนทนาภาษาจีนเพื่อ IT
90644068,96644068,รู้จีนให้ได้เงิน,ภาษาจีนพื้นฐานสำหรับการประกอบธุรกิจ กระบวนการคิดทางธุรกิจและการสื่อสาร การสร้างธุรกิจผ่านเว็บไซต์อีคอมเมิร์ชเพื่อการประกอบการ กระแสและทิศทางของธุรกิจออนไลน์ ข้อควรรู้ในการประกอบธุรกิจของประเทศที่ใช้ภาษาจีน
90644069,96644069,ภาษาญี่ปุ่นพื้นฐาน,พัฒนาโครงสร้างทางไวยากรณ์และคำศัพท์ภาษาญี่ปุ่นระดับพื้นฐาน ทักษะการฟัง พูด และอ่าน ระดับพื้นฐานที่พอเพียงแก่การเรียนรู้วิชาภาษาญี่ปุ่นพื้นฐาน ทักษะการฟังและพูดในหัวข้อที่ใช้ในชีวิตประจำวัน การฟังเพื่อจับใจความสำคัญและรายละเอียด ไวยากรณ์และสำนวนภาษาที่จำเป็นสำหรับการสื่อสาร
90644070,96644070,การสื่อสารนวัตกรรม,ศึกษาและฝึกทักษะการสื่อสารที่หลากหลายรวมทั้งการเขียนทางเทคนิค และการเขียนเชิงสร้างสรรค์ การออกแบบอินโฟกราฟฟิค และการนำเสนอ ฝึกใช้เทคนิคการสื่อสารต่างๆ เพื่อการนำเสนองานเฉพาะด้าน รวมทั้งเรียนรู้และฝึกการสื่อสารเพื่อสื่อถึงความเป็นเอกลักษณ์และความน่าเชื่อถือของแนวคิดเชิงนวัตกรรมต่อกลุ่มเป้าหมาย
90645016,-,การตลาดยุคคอนเทนท์,ขั้นตอนของการทํา Content Marketing การวางกลยุทธ์คอนเทนต์ การวางแผนคอนเทนต์ การสร้าง ทีมงาน Content แบบมืออาชีพ หลักการเตรียมรูปภาพและเขียนบทความ Content ให้ดึงดูดใจ รวมถึงการวัดผล Content ที่ธุรกิจควรรู้
